L1_sp_dim,L1_sp_sz,L1_pos1_dim,L1_pos1_tile,L1_pos2_dim,L1_pos2_tile,L1_pos3_dim,L1_pos3_tile,L1_pos4_dim,L1_pos4_tile,L1_pos5_dim,L1_pos5_tile,L1_pos6_dim,L1_pos6_tile,L2_sp_dim,L2_sp_sz,L2_pos1_dim,L2_pos1_tile,L2_pos2_dim,L2_pos2_tile,L2_pos3_dim,L2_pos3_tile,L2_pos4_dim,L2_pos4_tile,L2_pos5_dim,L2_pos5_tile,L2_pos6_dim,L2_pos6_tile,genome_str,fitness1,fitness2,valid,genome_pattern,layer
X,927,X,1,R,1,S,1,C,1,K,1,Y,1,C,1,K,1,X,1,Y,1,R,1,S,1,C,1,"L1:[sp=X,927] X=1,R=1,S=1,C=1,K=1,Y=1 || L2:[sp=C,1] K=1,X=1,Y=1,R=1,S=1,C=1",-4214785.0,-4032880.0,1,X|C,1
X,738,X,1,Y,1,K,1,S,1,C,1,R,1,X,32,X,1,K,1,Y,1,C,1,S,1,R,1,"L1:[sp=X,738] X=1,Y=1,K=1,S=1,C=1,R=1 || L2:[sp=X,32] X=1,K=1,Y=1,C=1,S=1,R=1",-29503489.0,-2277010.0,1,X|X,1
C,322,X,2,K,6,S,2,C,1,Y,215,R,1,X,1,R,1,K,1,Y,1,S,1,X,1,C,1,"L1:[sp=C,322] X=2,K=6,S=2,C=1,Y=215,R=1 || L2:[sp=X,1] R=1,K=1,Y=1,S=1,X=1,C=1",-235394433.0,-436593.0,1,C|X,1
X,770,K,50,X,71,C,1,Y,133,R,2,S,6,C,1,K,1,X,1,C,1,S,1,R,1,Y,1,"L1:[sp=X,770] K=50,X=71,C=1,Y=133,R=2,S=6 || L2:[sp=C,1] K=1,X=1,C=1,S=1,R=1,Y=1",-160876897.0,-332302.0,1,X|C,1
X,416,X,213,S,4,R,1,C,1,K,48,Y,127,C,1,Y,1,C,1,X,1,R,1,S,1,K,1,"L1:[sp=X,416] X=213,S=4,R=1,C=1,K=48,Y=127 || L2:[sp=C,1] Y=1,C=1,X=1,R=1,S=1,K=1",-455196841.0,-586840.0,1,X|C,1
C,812,X,39,Y,90,K,24,S,1,R,2,C,2,K,13,S,1,R,1,Y,1,C,1,K,1,X,1,"L1:[sp=C,812] X=39,Y=90,K=24,S=1,R=2,C=2 || L2:[sp=K,13] S=1,R=1,Y=1,C=1,K=1,X=1",-29768425.0,-387285.0,1,C|K,1
K,673,R,1,S,7,Y,164,X,14,K,57,C,2,X,9,S,1,C,1,K,1,Y,1,R,1,X,1,"L1:[sp=K,673] R=1,S=7,Y=164,X=14,K=57,C=2 || L2:[sp=X,9] S=1,C=1,K=1,Y=1,R=1,X=1",-88214561.0,-201259.0,1,K|X,1
Y,353,S,4,K,4,Y,212,R,3,X,194,C,2,X,127,R,1,S,1,Y,1,C,1,X,1,K,1,"L1:[sp=Y,353] S=4,K=4,Y=212,R=3,X=194,C=2 || L2:[sp=X,127] R=1,S=1,Y=1,C=1,X=1,K=1",-6040321.0,-274420.0,1,Y|X,1
C,626,S,6,X,81,K,15,Y,174,C,1,R,7,Y,8,R,1,S,1,Y,1,X,1,K,1,C,1,"L1:[sp=C,626] S=6,X=81,K=15,Y=174,C=1,R=7 || L2:[sp=Y,8] R=1,S=1,Y=1,X=1,K=1,C=1",-22014781.0,-32153.4,1,C|Y,1
C,113,S,4,Y,172,R,1,C,1,X,8,K,6,C,1,C,1,S,1,Y,1,R,1,X,1,K,1,"L1:[sp=C,113] S=4,Y=172,R=1,C=1,X=8,K=6 || L2:[sp=C,1] C=1,S=1,Y=1,R=1,X=1,K=1",-214260145.0,-207235.0,1,C|C,1
C,900,Y,148,K,7,S,3,R,1,X,125,C,2,X,58,K,1,S,1,R,1,Y,1,X,1,C,1,"L1:[sp=C,900] Y=148,K=7,S=3,R=1,X=125,C=2 || L2:[sp=X,58] K=1,S=1,R=1,Y=1,X=1,C=1",-7025481.0,-389703.0,1,C|X,1
K,121,K,36,Y,195,S,7,X,125,C,1,R,5,C,1,R,1,S,1,C,1,X,1,Y,1,K,1,"L1:[sp=K,121] K=36,Y=195,S=7,X=125,C=1,R=5 || L2:[sp=C,1] R=1,S=1,C=1,X=1,Y=1,K=1",-277512505.0,-82128.6,1,K|C,1
Y,591,S,3,R,7,C,2,X,117,K,31,Y,206,X,89,S,1,X,1,R,1,Y,1,K,1,C,1,"L1:[sp=Y,591] S=3,R=7,C=2,X=117,K=31,Y=206 || L2:[sp=X,89] S=1,X=1,R=1,Y=1,K=1,C=1",-7978021.0,-83378.8,1,Y|X,1
X,940,R,7,S,1,Y,220,K,37,X,182,C,3,C,2,S,1,X,1,K,1,R,1,C,1,Y,1,"L1:[sp=X,940] R=7,S=1,Y=220,K=37,X=182,C=3 || L2:[sp=C,2] S=1,X=1,K=1,R=1,C=1,Y=1",-inf,-inf,0,X|C,1
Y,501,S,2,R,3,K,49,X,1,C,2,Y,177,K,43,Y,1,S,1,C,1,R,1,X,1,K,1,"L1:[sp=Y,501] S=2,R=3,K=49,X=1,C=2,Y=177 || L2:[sp=K,43] Y=1,S=1,C=1,R=1,X=1,K=1",-35217499.0,-383590.0,1,Y|K,1
X,6,C,2,S,7,X,44,Y,72,R,6,K,31,Y,36,K,1,X,1,S,1,Y,1,C,1,R,1,"L1:[sp=X,6] C=2,S=7,X=44,Y=72,R=6,K=31 || L2:[sp=Y,36] K=1,X=1,S=1,Y=1,C=1,R=1",-4704049.0,-55889.0,1,X|Y,1
C,907,S,1,C,1,K,22,R,1,X,209,Y,131,C,1,K,1,R,1,C,1,Y,1,X,1,S,1,"L1:[sp=C,907] S=1,C=1,K=22,R=1,X=209,Y=131 || L2:[sp=C,1] K=1,R=1,C=1,Y=1,X=1,S=1",-157352525.0,-829633.0,1,C|C,1
Y,809,C,1,R,3,S,4,K,1,X,107,Y,172,X,20,K,1,S,1,R,1,C,1,X,1,Y,1,"L1:[sp=Y,809] C=1,R=3,S=4,K=1,X=107,Y=172 || L2:[sp=X,20] K=1,S=1,R=1,C=1,X=1,Y=1",-21284353.0,-482633.0,1,Y|X,1
Y,597,S,5,K,31,X,66,R,7,C,3,Y,141,Y,32,K,1,R,1,X,1,Y,1,C,1,S,1,"L1:[sp=Y,597] S=5,K=31,X=66,R=7,C=3,Y=141 || L2:[sp=Y,32] K=1,R=1,X=1,Y=1,C=1,S=1",-11101465.0,-31026.6,1,Y|Y,1
X,874,X,33,S,3,Y,41,K,1,C,1,R,1,X,8,Y,1,X,1,C,1,S,1,R,1,K,1,"L1:[sp=X,874] X=33,S=3,Y=41,K=1,C=1,R=1 || L2:[sp=X,8] Y=1,X=1,C=1,S=1,R=1,K=1",-10561153.0,-963026.0,1,X|X,1
X,927,X,1,R,1,S,1,C,1,K,1,Y,1,C,1,K,1,X,1,Y,1,R,1,S,1,C,1,"L1:[sp=X,927] X=1,R=1,S=1,C=1,K=1,Y=1 || L2:[sp=C,1] K=1,X=1,Y=1,R=1,S=1,C=1",-4214785.0,-4032880.0,1,X|C,1
X,927,X,1,R,1,S,1,C,1,K,1,Y,29,C,1,K,1,X,1,C,1,R,1,S,1,Y,1,"L1:[sp=X,927] X=1,R=1,S=1,C=1,K=1,Y=29 || L2:[sp=C,1] K=1,X=1,C=1,R=1,S=1,Y=1",-2182657.0,-3855130.0,1,X|C,1
Y,809,C,1,R,3,S,4,K,50,X,107,Y,128,X,20,K,1,S,1,R,1,C,1,X,1,Y,1,"L1:[sp=Y,809] C=1,R=3,S=4,K=50,X=107,Y=128 || L2:[sp=X,20] K=1,S=1,R=1,C=1,X=1,Y=1",-15899629.0,-253685.0,1,Y|X,1
X,874,X,33,S,3,Y,41,K,2,C,1,R,4,Y,1,Y,1,X,1,C,1,S,1,R,1,K,1,"L1:[sp=X,874] X=33,S=3,Y=41,K=2,C=1,R=4 || L2:[sp=Y,1] Y=1,X=1,C=1,S=1,R=1,K=1",-78701377.0,-298156.0,1,X|Y,1
K,591,S,3,R,7,C,2,X,117,K,31,Y,206,X,89,S,1,X,1,R,1,Y,1,K,1,C,1,"L1:[sp=K,591] S=3,R=7,C=2,X=117,K=31,Y=206 || L2:[sp=X,89] S=1,X=1,R=1,Y=1,K=1,C=1",-4192465.0,-85693.5,1,K|X,1
X,900,Y,5,K,7,S,3,R,1,X,125,C,1,C,58,K,1,S,1,R,1,Y,1,X,1,C,1,"L1:[sp=X,900] Y=5,K=7,S=3,R=1,X=125,C=1 || L2:[sp=C,58] K=1,S=1,R=1,Y=1,X=1,C=1",-267667135.0,-960805.0,1,X|C,1
Y,809,C,2,R,3,S,4,K,1,X,107,Y,172,X,20,K,1,S,1,R,1,C,1,X,1,Y,1,"L1:[sp=Y,809] C=2,R=3,S=4,K=1,X=107,Y=172 || L2:[sp=X,20] K=1,S=1,R=1,C=1,X=1,Y=1",-21283201.0,-479814.0,1,Y|X,1
X,6,C,2,S,7,X,44,Y,148,R,6,K,31,Y,36,K,1,X,1,S,1,Y,1,C,1,R,1,"L1:[sp=X,6] C=2,S=7,X=44,Y=148,R=6,K=31 || L2:[sp=Y,36] K=1,X=1,S=1,Y=1,C=1,R=1",-3763225.0,-55684.4,1,X|Y,1
C,900,Y,72,K,7,S,3,R,1,X,125,C,2,X,58,K,1,S,1,R,1,Y,1,X,1,C,1,"L1:[sp=C,900] Y=72,K=7,S=3,R=1,X=125,C=2 || L2:[sp=X,58] K=1,S=1,R=1,Y=1,X=1,C=1",-7026321.0,-387106.0,1,C|X,1
Y,353,S,4,K,4,Y,212,R,3,X,194,C,2,X,127,R,1,S,1,Y,1,C,1,X,1,K,4,"L1:[sp=Y,353] S=4,K=4,Y=212,R=3,X=194,C=2 || L2:[sp=X,127] R=1,S=1,Y=1,C=1,X=1,K=4",-6040321.0,-274420.0,1,Y|X,1
Y,927,X,1,R,1,Y,1,C,1,K,1,S,1,C,1,K,1,X,1,Y,1,R,1,S,1,C,1,"L1:[sp=Y,927] X=1,R=1,Y=1,C=1,K=1,S=1 || L2:[sp=C,1] K=1,X=1,Y=1,R=1,S=1,C=1",-4214785.0,-2033460.0,1,Y|C,1
Y,591,S,3,R,5,C,2,X,117,K,31,Y,206,K,1,S,1,Y,1,R,1,X,1,K,1,C,1,"L1:[sp=Y,591] S=3,R=5,C=2,X=117,K=31,Y=206 || L2:[sp=K,1] S=1,Y=1,R=1,X=1,K=1,C=1",-446503753.0,-169423.0,1,Y|K,1
X,874,X,33,S,3,Y,41,K,1,C,1,R,1,X,8,R,1,X,9,C,1,S,1,Y,1,K,1,"L1:[sp=X,874] X=33,S=3,Y=41,K=1,C=1,R=1 || L2:[sp=X,8] R=1,X=9,C=1,S=1,Y=1,K=1",-18990721.0,-963026.0,1,X|X,1
X,353,S,4,K,4,Y,212,R,3,X,194,C,2,Y,127,R,1,S,1,Y,1,C,1,X,1,K,1,"L1:[sp=X,353] S=4,K=4,Y=212,R=3,X=194,C=2 || L2:[sp=Y,127] R=1,S=1,Y=1,C=1,X=1,K=1",-5560513.0,-257691.0,1,X|Y,1
C,900,Y,148,X,125,C,2,R,1,K,7,S,3,X,58,K,1,X,27,R,1,Y,53,S,1,C,1,"L1:[sp=C,900] Y=148,X=125,C=2,R=1,K=7,S=3 || L2:[sp=X,58] K=1,X=27,R=1,Y=53,S=1,C=1",-82302025.0,-290517.0,1,C|X,1
X,927,X,1,R,3,S,1,C,2,K,1,Y,1,C,1,K,1,X,1,Y,1,R,1,S,1,C,1,"L1:[sp=X,927] X=1,R=3,S=1,C=2,K=1,Y=1 || L2:[sp=C,1] K=1,X=1,Y=1,R=1,S=1,C=1",-6862465.0,-1712150.0,1,X|C,1
X,591,S,5,R,7,C,3,X,117,K,31,Y,206,Y,89,S,1,X,1,R,1,Y,1,K,1,C,1,"L1:[sp=X,591] S=5,R=7,C=3,X=117,K=31,Y=206 || L2:[sp=Y,89] S=1,X=1,R=1,Y=1,K=1,C=1",-4553485.0,-31642.1,1,X|Y,1
Y,597,S,5,K,4,X,66,R,7,C,1,Y,141,Y,32,K,1,R,1,X,1,S,1,C,1,Y,132,"L1:[sp=Y,597] S=5,K=4,X=66,R=7,C=1,Y=141 || L2:[sp=Y,32] K=1,R=1,X=1,S=1,C=1,Y=132",-293078401.0,-104454.0,1,Y|Y,1
X,874,X,99,S,3,Y,41,K,1,C,3,R,1,X,8,Y,1,X,1,C,1,S,1,R,1,K,1,"L1:[sp=X,874] X=99,S=3,Y=41,K=1,C=3,R=1 || L2:[sp=X,8] Y=1,X=1,C=1,S=1,R=1,K=1",-27404161.0,-291564.0,1,X|X,1
Y,353,S,4,K,4,Y,212,R,1,X,194,C,2,X,127,R,1,S,1,Y,1,C,1,X,1,K,1,"L1:[sp=Y,353] S=4,K=4,Y=212,R=1,X=194,C=2 || L2:[sp=X,127] R=1,S=1,Y=1,C=1,X=1,K=1",-5984385.0,-636439.0,1,Y|X,1
X,874,X,33,S,3,K,1,Y,41,C,1,R,3,X,8,Y,1,X,1,C,1,S,1,R,1,K,1,"L1:[sp=X,874] X=33,S=3,K=1,Y=41,C=1,R=3 || L2:[sp=X,8] Y=1,X=1,C=1,S=1,R=1,K=1",-11017729.0,-513987.0,1,X|X,1
X,927,X,1,R,1,S,1,C,1,K,1,Y,29,C,1,K,1,X,1,C,1,R,1,S,1,Y,1,"L1:[sp=X,927] X=1,R=1,S=1,C=1,K=1,Y=29 || L2:[sp=C,1] K=1,X=1,C=1,R=1,S=1,Y=1",-2182657.0,-3855130.0,1,X|C,1
X,6,C,2,S,7,X,44,Y,212,R,6,K,31,Y,36,X,1,K,1,S,1,Y,195,C,1,R,6,"L1:[sp=X,6] C=2,S=7,X=44,Y=212,R=6,K=31 || L2:[sp=Y,36] X=1,K=1,S=1,Y=195,C=1,R=6",-314496025.0,-56214.8,1,X|Y,1
X,353,S,4,K,4,Y,148,R,3,X,194,C,2,Y,127,X,1,S,1,Y,1,C,1,R,1,K,1,"L1:[sp=X,353] S=4,K=4,Y=148,R=3,X=194,C=2 || L2:[sp=Y,127] X=1,S=1,Y=1,C=1,R=1,K=1",-5560513.0,-229760.0,1,X|Y,1
Y,353,S,7,K,4,Y,212,C,2,X,124,R,1,X,127,R,1,S,1,Y,1,C,1,X,1,K,1,"L1:[sp=Y,353] S=7,K=4,Y=212,C=2,X=124,R=1 || L2:[sp=X,127] R=1,S=1,Y=1,C=1,X=1,K=1",-5983937.0,-199909.0,1,Y|X,1
K,591,S,3,R,7,C,2,X,117,K,31,Y,176,X,89,S,1,X,109,R,1,Y,1,K,1,C,1,"L1:[sp=K,591] S=3,R=7,C=2,X=117,K=31,Y=176 || L2:[sp=X,89] S=1,X=109,R=1,Y=1,K=1,C=1",-228488005.0,-85021.2,1,K|X,1
X,927,X,1,R,1,S,1,C,1,K,1,Y,29,Y,29,K,1,X,1,C,1,R,1,S,1,Y,15,"L1:[sp=X,927] X=1,R=1,S=1,C=1,K=1,Y=29 || L2:[sp=Y,29] K=1,X=1,C=1,R=1,S=1,Y=15",-8429569.0,-3855370.0,1,X|Y,1
Y,353,S,4,K,4,Y,212,R,1,X,194,C,2,X,127,R,1,S,3,Y,1,C,1,X,1,K,1,"L1:[sp=Y,353] S=4,K=4,Y=212,R=1,X=194,C=2 || L2:[sp=X,127] R=1,S=3,Y=1,C=1,X=1,K=1",-5984385.0,-636439.0,1,Y|X,1
Y,927,X,1,R,1,S,1,C,1,K,1,Y,1,C,1,K,1,X,1,Y,1,R,1,S,1,C,1,"L1:[sp=Y,927] X=1,R=1,S=1,C=1,K=1,Y=1 || L2:[sp=C,1] K=1,X=1,Y=1,R=1,S=1,C=1",-4214785.0,-2051410.0,1,Y|C,1
Y,591,S,5,R,6,C,3,X,117,K,31,Y,25,X,89,S,5,X,1,R,1,Y,1,K,1,C,1,"L1:[sp=Y,591] S=5,R=6,C=3,X=117,K=31,Y=25 || L2:[sp=X,89] S=5,X=1,R=1,Y=1,K=1,C=1",-1612825.0,-57415.0,1,Y|X,1
X,927,X,1,R,1,S,5,C,1,K,1,Y,29,X,1,K,1,X,1,C,1,R,1,S,1,Y,1,"L1:[sp=X,927] X=1,R=1,S=5,C=1,K=1,Y=29 || L2:[sp=X,1] K=1,X=1,C=1,R=1,S=1,Y=1",-10558465.0,-3140860.0,1,X|X,1
Y,353,S,4,K,4,Y,212,R,1,X,194,C,2,X,127,R,1,X,1,Y,1,C,1,S,1,K,1,"L1:[sp=Y,353] S=4,K=4,Y=212,R=1,X=194,C=2 || L2:[sp=X,127] R=1,X=1,Y=1,C=1,S=1,K=1",-5984385.0,-636439.0,1,Y|X,1
Y,927,X,194,R,1,Y,1,C,1,K,1,S,1,C,1,K,1,X,1,Y,1,R,1,S,1,C,1,"L1:[sp=Y,927] X=194,R=1,Y=1,C=1,K=1,S=1 || L2:[sp=C,1] K=1,X=1,Y=1,R=1,S=1,C=1",-2126209.0,-2026880.0,1,Y|C,1
Y,353,S,4,K,4,Y,212,R,1,X,1,C,2,X,127,R,1,S,3,Y,1,C,1,X,1,K,1,"L1:[sp=Y,353] S=4,K=4,Y=212,R=1,X=1,C=2 || L2:[sp=X,127] R=1,S=3,Y=1,C=1,X=1,K=1",-440882625.0,-1144920.0,1,Y|X,1
K,591,S,5,R,7,C,2,X,117,K,28,Y,206,X,89,S,1,X,1,K,1,Y,1,R,1,C,1,"L1:[sp=K,591] S=5,R=7,C=2,X=117,K=28,Y=206 || L2:[sp=X,89] S=1,X=1,K=1,Y=1,R=1,C=1",-3786737.0,-57274.6,1,K|X,1
Y,591,S,3,C,3,R,7,X,117,K,31,Y,206,Y,89,S,1,X,1,R,3,Y,1,K,1,C,1,"L1:[sp=Y,591] S=3,C=3,R=7,X=117,K=31,Y=206 || L2:[sp=Y,89] S=1,X=1,R=3,Y=1,K=1,C=1",-6378643.0,-42302.0,1,Y|Y,1
X,591,S,5,Y,102,C,3,X,117,K,31,R,3,Y,89,S,1,X,1,R,1,Y,89,K,1,C,1,"L1:[sp=X,591] S=5,Y=102,C=3,X=117,K=31,R=3 || L2:[sp=Y,89] S=1,X=1,R=1,Y=89,K=1,C=1",-303944311.0,-84564.0,1,X|Y,1
Y,353,S,4,K,4,X,194,R,7,Y,212,C,2,X,127,R,7,S,1,Y,1,C,1,X,1,K,1,"L1:[sp=Y,353] S=4,K=4,X=194,R=7,Y=212,C=2 || L2:[sp=X,127] R=7,S=1,Y=1,C=1,X=1,K=1",-5983617.0,-91107.5,1,Y|X,1
X,591,S,5,R,7,C,3,X,1,K,31,Y,206,Y,89,S,1,Y,1,R,1,X,1,K,1,C,1,"L1:[sp=X,591] S=5,R=7,C=3,X=1,K=31,Y=206 || L2:[sp=Y,89] S=1,Y=1,R=1,X=1,K=1,C=1",-3763441.0,-51401.0,1,X|Y,1
Y,927,X,117,R,1,Y,1,C,1,K,1,S,1,C,1,K,1,X,1,Y,1,R,1,S,1,C,1,"L1:[sp=Y,927] X=117,R=1,Y=1,C=1,K=1,S=1 || L2:[sp=C,1] K=1,X=1,Y=1,R=1,S=1,C=1",-2126209.0,-2024670.0,1,Y|C,1
K,591,S,3,R,7,C,2,X,117,K,31,Y,212,X,89,S,1,X,29,R,1,Y,1,K,1,C,1,"L1:[sp=K,591] S=3,R=7,C=2,X=117,K=31,Y=212 || L2:[sp=X,89] S=1,X=29,R=1,Y=1,K=1,C=1",-60790405.0,-85828.0,1,K|X,1
Y,353,S,4,C,2,Y,206,R,5,X,194,K,4,X,127,R,1,S,1,Y,1,C,1,X,94,K,1,"L1:[sp=Y,353] S=4,C=2,Y=206,R=5,X=194,K=4 || L2:[sp=X,127] R=1,S=1,Y=1,C=1,X=94,K=1",-371428097.0,-113517.0,1,Y|X,1
Y,591,S,5,R,6,C,3,X,117,K,31,Y,25,X,89,S,5,X,1,R,1,Y,1,K,1,C,1,"L1:[sp=Y,591] S=5,R=6,C=3,X=117,K=31,Y=25 || L2:[sp=X,89] S=5,X=1,R=1,Y=1,K=1,C=1",-1612825.0,-57415.0,1,Y|X,1
X,353,S,4,K,4,Y,148,R,3,X,194,C,2,Y,127,X,141,S,1,Y,1,C,1,R,3,K,1,"L1:[sp=X,353] S=4,K=4,Y=148,R=3,X=194,C=2 || L2:[sp=Y,127] X=141,S=1,Y=1,C=1,R=3,K=1",-7149121.0,-229760.0,1,X|Y,1
Y,927,X,194,R,1,Y,1,C,1,S,1,K,1,C,1,K,1,X,1,Y,1,R,1,S,1,C,1,"L1:[sp=Y,927] X=194,R=1,Y=1,C=1,S=1,K=1 || L2:[sp=C,1] K=1,X=1,Y=1,R=1,S=1,C=1",-2126209.0,-2026880.0,1,Y|C,1
K,591,S,5,R,7,C,2,X,117,Y,206,K,1,X,89,K,1,X,31,S,1,Y,1,R,1,C,1,"L1:[sp=K,591] S=5,R=7,C=2,X=117,Y=206,K=1 || L2:[sp=X,89] K=1,X=31,S=1,Y=1,R=1,C=1",-12577417.0,-57465.2,1,K|X,1
C,927,X,1,R,3,S,1,C,1,K,28,Y,29,X,1,K,1,X,1,C,1,R,1,S,1,Y,1,"L1:[sp=C,927] X=1,R=3,S=1,C=1,K=28,Y=29 || L2:[sp=X,1] K=1,X=1,C=1,R=1,S=1,Y=1",-167299329.0,-339549.0,1,C|X,1
Y,927,X,1,R,1,S,4,C,1,K,1,Y,206,C,1,K,1,X,1,Y,1,R,1,S,1,C,1,"L1:[sp=Y,927] X=1,R=1,S=4,C=1,K=1,Y=206 || L2:[sp=C,1] K=1,X=1,Y=1,R=1,S=1,C=1",-1713828481.0,-604997.0,1,Y|C,1
X,591,S,5,R,7,C,3,X,1,K,31,Y,1,Y,89,S,1,Y,1,C,1,X,1,K,1,R,1,"L1:[sp=X,591] S=5,R=7,C=3,X=1,K=31,Y=1 || L2:[sp=Y,89] S=1,Y=1,C=1,X=1,K=1,R=1",-205120561.0,-46686.8,1,X|Y,1
K,591,S,1,R,7,C,2,X,117,K,4,Y,206,X,89,S,1,X,1,K,1,Y,1,R,1,C,1,"L1:[sp=K,591] S=1,R=7,C=2,X=117,K=4,Y=206 || L2:[sp=X,89] S=1,X=1,K=1,Y=1,R=1,C=1",-1082033.0,-204259.0,1,K|X,1
C,927,X,1,R,1,S,5,C,1,K,25,Y,1,Y,1,K,1,X,1,Y,1,R,1,S,1,C,1,"L1:[sp=C,927] X=1,R=1,S=5,C=1,K=25,Y=1 || L2:[sp=Y,1] K=1,X=1,Y=1,R=1,S=1,C=1",-774780161.0,-334934.0,1,C|Y,1
C,927,X,117,R,1,Y,1,C,1,K,1,S,1,Y,1,K,1,X,2,Y,1,R,1,S,1,C,1,"L1:[sp=C,927] X=117,R=1,Y=1,C=1,K=1,S=1 || L2:[sp=Y,1] K=1,X=2,Y=1,R=1,S=1,C=1",-158756865.0,-695328.0,1,C|Y,1
Y,927,X,194,R,1,Y,1,C,1,K,1,S,1,C,1,C,1,X,1,Y,1,R,1,S,1,K,1,"L1:[sp=Y,927] X=194,R=1,Y=1,C=1,K=1,S=1 || L2:[sp=C,1] C=1,X=1,Y=1,R=1,S=1,K=1",-2126209.0,-2026880.0,1,Y|C,1
Y,927,X,117,R,1,Y,1,C,1,K,1,S,1,C,1,K,1,X,1,Y,1,R,1,S,1,C,1,"L1:[sp=Y,927] X=117,R=1,Y=1,C=1,K=1,S=1 || L2:[sp=C,1] K=1,X=1,Y=1,R=1,S=1,C=1",-2126209.0,-2024670.0,1,Y|C,1
Y,927,X,194,R,1,Y,1,C,1,K,1,S,1,C,1,K,1,X,1,Y,1,R,1,S,1,C,1,"L1:[sp=Y,927] X=194,R=1,Y=1,C=1,K=1,S=1 || L2:[sp=C,1] K=1,X=1,Y=1,R=1,S=1,C=1",-2126209.0,-2026880.0,1,Y|C,1
X,353,S,6,Y,148,K,4,R,3,X,194,C,2,Y,1,X,1,S,1,Y,1,C,1,R,1,K,1,"L1:[sp=X,353] S=6,Y=148,K=4,R=3,X=194,C=2 || L2:[sp=Y,1] X=1,S=1,Y=1,C=1,R=1,K=1",-423115777.0,-223190.0,1,X|Y,1
X,927,X,1,R,1,S,1,C,1,K,1,Y,29,Y,1,K,1,X,1,C,1,R,1,S,1,Y,1,"L1:[sp=X,927] X=1,R=1,S=1,C=1,K=1,Y=29 || L2:[sp=Y,1] K=1,X=1,C=1,R=1,S=1,Y=1",-2182657.0,-3855130.0,1,X|Y,1
X,353,S,4,K,4,Y,148,R,3,X,194,C,2,Y,127,X,1,S,1,Y,1,C,1,R,1,K,1,"L1:[sp=X,353] S=4,K=4,Y=148,R=3,X=194,C=2 || L2:[sp=Y,127] X=1,S=1,Y=1,C=1,R=1,K=1",-5560513.0,-229760.0,1,X|Y,1
Y,927,X,147,R,1,S,1,C,1,K,1,Y,29,C,1,K,1,X,1,C,1,R,1,S,1,Y,1,"L1:[sp=Y,927] X=147,R=1,S=1,C=1,K=1,Y=29 || L2:[sp=C,1] K=1,X=1,C=1,R=1,S=1,Y=1",-61133185.0,-2049210.0,1,Y|C,1
Y,927,X,117,R,1,Y,191,C,1,K,1,S,5,C,1,K,1,X,1,C,1,R,1,S,1,Y,1,"L1:[sp=Y,927] X=117,R=1,Y=191,C=1,K=1,S=5 || L2:[sp=C,1] K=1,X=1,C=1,R=1,S=1,Y=1",-409704961.0,-579000.0,1,Y|C,1
X,591,S,1,R,7,C,3,X,1,K,31,Y,206,Y,89,S,1,Y,1,R,1,X,1,K,1,C,1,"L1:[sp=X,591] S=1,R=7,C=3,X=1,K=31,Y=206 || L2:[sp=Y,89] S=1,Y=1,R=1,X=1,K=1,C=1",-791155.0,-111694.0,1,X|Y,1
X,591,S,5,R,7,K,31,X,1,C,3,Y,215,Y,89,S,1,Y,23,R,1,X,1,K,1,C,1,"L1:[sp=X,591] S=5,R=7,K=31,X=1,C=3,Y=215 || L2:[sp=Y,89] S=1,Y=23,R=1,X=1,K=1,C=1",-43277041.0,-63215.0,1,X|Y,1
Y,591,S,5,R,6,C,3,X,117,K,31,Y,25,X,89,S,5,X,1,R,1,Y,1,K,1,C,1,"L1:[sp=Y,591] S=5,R=6,C=3,X=117,K=31,Y=25 || L2:[sp=X,89] S=5,X=1,R=1,Y=1,K=1,C=1",-1612825.0,-57415.0,1,Y|X,1
X,591,S,1,R,7,C,3,X,1,K,31,Y,206,Y,89,S,1,Y,1,R,1,X,1,K,1,C,1,"L1:[sp=X,591] S=1,R=7,C=3,X=1,K=31,Y=206 || L2:[sp=Y,89] S=1,Y=1,R=1,X=1,K=1,C=1",-791155.0,-111694.0,1,X|Y,1
Y,591,S,1,R,7,X,194,C,3,K,52,Y,206,Y,89,S,1,Y,1,R,1,X,1,K,1,C,1,"L1:[sp=Y,591] S=1,R=7,X=194,C=3,K=52,Y=206 || L2:[sp=Y,89] S=1,Y=1,R=1,X=1,K=1,C=1",-6322205.0,-98900.8,1,Y|Y,1
Y,927,X,1,R,1,Y,1,C,1,S,2,K,46,C,1,K,1,X,1,Y,1,R,1,S,1,C,1,"L1:[sp=Y,927] X=1,R=1,Y=1,C=1,S=2,K=46 || L2:[sp=C,1] K=1,X=1,Y=1,R=1,S=1,C=1",-4233433.0,-1171200.0,1,Y|C,1
Y,927,X,194,R,7,Y,1,C,1,K,1,S,1,C,1,C,1,X,1,Y,1,R,1,S,1,K,1,"L1:[sp=Y,927] X=194,R=7,Y=1,C=1,K=1,S=1 || L2:[sp=C,1] C=1,X=1,Y=1,R=1,S=1,K=1",-14754433.0,-288203.0,1,Y|C,1
C,927,X,194,R,1,Y,1,C,1,S,1,K,1,Y,1,K,1,X,1,Y,1,R,1,S,1,C,1,"L1:[sp=C,927] X=194,R=1,Y=1,C=1,S=1,K=1 || L2:[sp=Y,1] K=1,X=1,Y=1,R=1,S=1,C=1",-158756865.0,-697387.0,1,C|Y,1
K,591,S,1,R,7,C,1,X,117,K,4,Y,206,X,89,S,1,X,1,K,1,Y,1,R,1,C,1,"L1:[sp=K,591] S=1,R=7,C=1,X=117,K=4,Y=206 || L2:[sp=X,89] S=1,X=1,K=1,Y=1,R=1,C=1",-1082089.0,-294142.0,1,K|X,1
Y,927,X,74,R,1,Y,1,C,1,K,1,S,1,C,1,Y,1,X,1,K,1,R,1,S,1,C,1,"L1:[sp=Y,927] X=74,R=1,Y=1,C=1,K=1,S=1 || L2:[sp=C,1] Y=1,X=1,K=1,R=1,S=1,C=1",-2145025.0,-2025640.0,1,Y|C,1
Y,927,X,194,R,1,Y,1,C,1,K,1,S,1,C,1,K,1,X,1,Y,1,R,1,S,1,C,1,"L1:[sp=Y,927] X=194,R=1,Y=1,C=1,K=1,S=1 || L2:[sp=C,1] K=1,X=1,Y=1,R=1,S=1,C=1",-2126209.0,-2026880.0,1,Y|C,1
Y,927,X,194,R,1,Y,1,C,1,K,1,S,1,K,1,C,1,X,1,Y,1,R,1,S,1,K,1,"L1:[sp=Y,927] X=194,R=1,Y=1,C=1,K=1,S=1 || L2:[sp=K,1] C=1,X=1,Y=1,R=1,S=1,K=1",-2126209.0,-2026880.0,1,Y|K,1
X,591,S,1,R,7,C,2,X,117,K,4,Y,206,X,89,S,1,X,1,K,1,Y,1,R,1,C,1,"L1:[sp=X,591] S=1,R=7,C=2,X=117,K=4,Y=206 || L2:[sp=X,89] S=1,X=1,K=1,Y=1,R=1,C=1",-4328129.0,-279753.0,1,X|X,1
Y,591,S,6,R,7,C,3,X,1,K,31,Y,206,X,89,Y,74,S,4,R,1,X,1,K,1,C,1,"L1:[sp=Y,591] S=6,R=7,C=3,X=1,K=31,Y=206 || L2:[sp=X,89] Y=74,S=4,R=1,X=1,K=1,C=1",-499195171.0,-42792.4,1,Y|X,1
Y,927,X,1,R,1,Y,1,C,1,S,1,K,1,C,1,K,1,X,1,Y,1,R,1,S,1,C,1,"L1:[sp=Y,927] X=1,R=1,Y=1,C=1,S=1,K=1 || L2:[sp=C,1] K=1,X=1,Y=1,R=1,S=1,C=1",-4214785.0,-2033460.0,1,Y|C,1
X,591,S,1,R,5,C,3,X,194,K,31,Y,206,Y,89,S,1,Y,1,R,1,X,8,K,1,C,1,"L1:[sp=X,591] S=1,R=5,C=3,X=194,K=31,Y=206 || L2:[sp=Y,89] S=1,Y=1,R=1,X=8,K=1,C=1",-7300693.0,-217832.0,1,X|Y,1
X,927,X,117,R,1,Y,1,C,1,K,1,S,1,C,1,K,1,X,1,Y,1,R,1,S,1,C,1,"L1:[sp=X,927] X=117,R=1,Y=1,C=1,K=1,S=1 || L2:[sp=C,1] K=1,X=1,Y=1,R=1,S=1,C=1",-248672257.0,-2034740.0,1,X|C,1
Y,927,S,1,R,1,Y,1,C,1,X,27,K,1,C,1,K,1,X,1,Y,1,R,1,S,1,C,1,"L1:[sp=Y,927] S=1,R=1,Y=1,C=1,X=27,K=1 || L2:[sp=C,1] K=1,X=1,Y=1,R=1,S=1,C=1",-2192065.0,-2054590.0,1,Y|C,1
X,927,X,1,R,1,S,1,C,1,K,1,Y,29,Y,1,K,1,X,1,C,1,R,1,S,1,Y,1,"L1:[sp=X,927] X=1,R=1,S=1,C=1,K=1,Y=29 || L2:[sp=Y,1] K=1,X=1,C=1,R=1,S=1,Y=1",-2182657.0,-3855130.0,1,X|Y,1
Y,927,X,194,R,1,Y,1,C,1,S,1,K,1,C,1,K,1,X,1,Y,1,R,1,S,1,C,1,"L1:[sp=Y,927] X=194,R=1,Y=1,C=1,S=1,K=1 || L2:[sp=C,1] K=1,X=1,Y=1,R=1,S=1,C=1",-2126209.0,-2026880.0,1,Y|C,1
Y,927,X,194,R,1,Y,1,C,2,K,1,S,1,Y,1,K,1,X,1,Y,1,R,1,S,1,C,1,"L1:[sp=Y,927] X=194,R=1,Y=1,C=2,K=1,S=1 || L2:[sp=Y,1] K=1,X=1,Y=1,R=1,S=1,C=1",-2119937.0,-1353770.0,1,Y|Y,1
K,591,S,1,R,7,C,1,X,117,K,4,Y,184,X,89,R,1,X,1,K,1,Y,1,S,1,C,1,"L1:[sp=K,591] S=1,R=7,C=1,X=117,K=4,Y=184 || L2:[sp=X,89] R=1,X=1,K=1,Y=1,S=1,C=1",-1082089.0,-292820.0,1,K|X,1
X,591,S,1,R,7,C,3,X,1,K,31,Y,206,Y,89,S,1,Y,1,R,1,X,1,K,14,C,1,"L1:[sp=X,591] S=1,R=7,C=3,X=1,K=31,Y=206 || L2:[sp=Y,89] S=1,Y=1,R=1,X=1,K=14,C=1",-803503.0,-111694.0,1,X|Y,1
Y,927,X,33,R,1,Y,1,C,1,K,1,S,1,C,1,K,1,X,1,Y,1,R,1,S,1,C,1,"L1:[sp=Y,927] X=33,R=1,Y=1,C=1,K=1,S=1 || L2:[sp=C,1] K=1,X=1,Y=1,R=1,S=1,C=1",-2173249.0,-2024830.0,1,Y|C,1
X,591,S,1,R,7,C,3,X,1,K,31,Y,206,Y,89,S,1,Y,1,R,1,X,1,K,1,C,1,"L1:[sp=X,591] S=1,R=7,C=3,X=1,K=31,Y=206 || L2:[sp=Y,89] S=1,Y=1,R=1,X=1,K=1,C=1",-791155.0,-111694.0,1,X|Y,1
K,591,S,3,R,7,C,1,Y,206,K,4,X,117,X,89,S,2,X,1,K,1,Y,1,R,1,C,1,"L1:[sp=K,591] S=3,R=7,C=1,Y=206,K=4,X=117 || L2:[sp=X,89] S=2,X=1,K=1,Y=1,R=1,C=1",-1081993.0,-126695.0,1,K|X,1
K,591,S,1,R,7,C,1,X,117,Y,184,K,4,X,89,R,1,X,1,K,3,Y,1,S,1,C,1,"L1:[sp=K,591] S=1,R=7,C=1,X=117,Y=184,K=4 || L2:[sp=X,89] R=1,X=1,K=3,Y=1,S=1,C=1",-1082089.0,-288975.0,1,K|X,1
Y,927,S,1,R,1,Y,1,C,1,X,194,K,1,C,1,K,1,X,167,Y,1,R,1,S,1,C,1,"L1:[sp=Y,927] S=1,R=1,Y=1,C=1,X=194,K=1 || L2:[sp=C,1] K=1,X=167,Y=1,R=1,S=1,C=1",-2097985.0,-2067060.0,1,Y|C,1
Y,927,X,194,R,1,Y,1,K,36,C,2,S,1,Y,1,K,1,X,1,Y,1,R,1,S,1,C,1,"L1:[sp=Y,927] X=194,R=1,Y=1,K=36,C=2,S=1 || L2:[sp=Y,1] K=1,X=1,Y=1,R=1,S=1,C=1",-2107785.0,-1358990.0,1,Y|Y,1
Y,927,K,1,R,1,Y,1,C,2,X,194,S,1,Y,1,K,1,X,1,Y,1,R,1,S,1,C,1,"L1:[sp=Y,927] K=1,R=1,Y=1,C=2,X=194,S=1 || L2:[sp=Y,1] K=1,X=1,Y=1,R=1,S=1,C=1",-2119937.0,-1848160.0,1,Y|Y,1
K,591,S,1,R,7,C,1,X,117,K,4,Y,184,K,1,R,3,X,1,K,1,Y,1,S,1,C,1,"L1:[sp=K,591] S=1,R=7,C=1,X=117,K=4,Y=184 || L2:[sp=K,1] R=3,X=1,K=1,Y=1,S=1,C=1",-29766997.0,-271378.0,1,K|K,1
X,591,S,1,R,7,C,3,X,117,K,31,Y,206,Y,89,S,1,Y,1,R,1,X,19,K,14,C,2,"L1:[sp=X,591] S=1,R=7,C=3,X=117,K=31,Y=206 || L2:[sp=Y,89] S=1,Y=1,R=1,X=19,K=14,C=2",-4471783.0,-107435.0,1,X|Y,1
K,591,S,1,R,7,Y,206,X,1,K,4,C,1,X,89,S,1,X,1,K,2,Y,1,R,1,C,1,"L1:[sp=K,591] S=1,R=7,Y=206,X=1,K=4,C=1 || L2:[sp=X,89] S=1,X=1,K=2,Y=1,R=1,C=1",-60606337.0,-309740.0,1,K|X,1
Y,927,X,194,R,1,Y,1,C,2,K,52,S,1,Y,1,K,1,X,1,Y,1,R,1,S,1,C,1,"L1:[sp=Y,927] X=194,R=1,Y=1,C=2,K=52,S=1 || L2:[sp=Y,1] K=1,X=1,Y=1,R=1,S=1,C=1",-2107785.0,-1353840.0,1,Y|Y,1
Y,927,X,194,R,1,Y,1,C,1,K,1,S,1,C,1,K,1,X,1,Y,1,R,1,S,1,C,1,"L1:[sp=Y,927] X=194,R=1,Y=1,C=1,K=1,S=1 || L2:[sp=C,1] K=1,X=1,Y=1,R=1,S=1,C=1",-2126209.0,-2026880.0,1,Y|C,1
Y,927,X,194,R,7,Y,1,C,2,K,54,S,1,Y,1,K,15,X,1,Y,1,R,1,S,1,C,1,"L1:[sp=Y,927] X=194,R=7,Y=1,C=2,K=54,S=1 || L2:[sp=Y,1] K=15,X=1,Y=1,R=1,S=1,C=1",-14521305.0,-196114.0,1,Y|Y,1
Y,591,S,1,R,1,C,2,X,1,K,31,Y,206,X,89,S,1,Y,1,R,1,X,1,K,2,C,1,"L1:[sp=Y,591] S=1,R=1,C=2,X=1,K=31,Y=206 || L2:[sp=X,89] S=1,Y=1,R=1,X=1,K=2,C=1",-434188609.0,-1401390.0,1,Y|X,1
Y,927,X,194,R,1,Y,1,C,2,K,1,S,2,Y,1,K,1,X,1,Y,1,R,1,S,1,C,1,"L1:[sp=Y,927] X=194,R=1,Y=1,C=2,K=1,S=2 || L2:[sp=Y,1] K=1,X=1,Y=1,R=1,S=1,C=1",-2123969.0,-776518.0,1,Y|Y,1
K,591,S,1,R,7,C,1,X,117,K,4,Y,206,K,1,S,1,X,1,R,1,Y,1,K,1,C,1,"L1:[sp=K,591] S=1,R=7,C=1,X=117,K=4,Y=206 || L2:[sp=K,1] S=1,X=1,R=1,Y=1,K=1,C=1",-30293845.0,-272237.0,1,K|K,1
K,927,X,194,R,1,Y,1,C,1,K,1,S,5,K,1,C,1,X,1,Y,1,R,1,S,1,K,1,"L1:[sp=K,927] X=194,R=1,Y=1,C=1,K=1,S=5 || L2:[sp=K,1] C=1,X=1,Y=1,R=1,S=1,K=1",-7526401.0,-595748.0,1,K|K,1
K,591,S,1,R,5,C,1,X,117,K,4,Y,184,X,89,R,1,X,1,K,1,Y,1,S,1,C,1,"L1:[sp=K,591] S=1,R=5,C=1,X=117,K=4,Y=184 || L2:[sp=X,89] R=1,X=1,K=1,Y=1,S=1,C=1",-1072849.0,-597645.0,1,K|X,1
Y,927,X,194,R,1,Y,1,C,1,K,1,S,7,K,1,C,1,X,1,Y,1,R,1,S,1,K,1,"L1:[sp=Y,927] X=194,R=1,Y=1,C=1,K=1,S=7 || L2:[sp=K,1] C=1,X=1,Y=1,R=1,S=1,K=1",-2166529.0,-287434.0,1,Y|K,1
Y,927,X,194,R,1,Y,130,C,1,S,1,K,1,C,1,K,1,X,1,Y,1,R,1,S,1,C,1,"L1:[sp=Y,927] X=194,R=1,Y=130,C=1,S=1,K=1 || L2:[sp=C,1] K=1,X=1,Y=1,R=1,S=1,C=1",-273979777.0,-2026890.0,1,Y|C,1
C,927,X,194,R,1,Y,1,S,1,K,1,C,1,Y,1,K,1,X,1,Y,1,R,1,S,1,C,1,"L1:[sp=C,927] X=194,R=1,Y=1,S=1,K=1,C=1 || L2:[sp=Y,1] K=1,X=1,Y=1,R=1,S=1,C=1",-158756865.0,-691387.0,1,C|Y,1
K,927,X,194,R,1,Y,1,C,2,K,1,S,3,C,1,C,1,X,1,K,1,R,1,S,1,Y,1,"L1:[sp=K,927] X=194,R=1,Y=1,C=2,K=1,S=3 || L2:[sp=C,1] C=1,X=1,K=1,R=1,S=1,Y=1",-7460545.0,-605178.0,1,K|C,1
X,591,S,1,R,7,C,3,X,1,K,31,Y,206,Y,89,S,1,Y,1,R,1,X,1,K,1,C,1,"L1:[sp=X,591] S=1,R=7,C=3,X=1,K=31,Y=206 || L2:[sp=Y,89] S=1,Y=1,R=1,X=1,K=1,C=1",-791155.0,-111694.0,1,X|Y,1
K,591,S,1,R,7,C,1,X,117,Y,184,K,1,X,89,R,3,X,1,K,1,Y,1,S,1,C,1,"L1:[sp=K,591] S=1,R=7,C=1,X=117,Y=184,K=1 || L2:[sp=X,89] R=3,X=1,K=1,Y=1,S=1,C=1",-797833.0,-289037.0,1,K|X,1
Y,927,S,1,C,1,Y,1,R,4,X,194,K,4,C,1,K,3,C,1,Y,1,R,1,S,1,X,167,"L1:[sp=Y,927] S=1,C=1,Y=1,R=4,X=194,K=4 || L2:[sp=C,1] K=3,C=1,Y=1,R=1,S=1,X=167",-8318017.0,-604496.0,1,Y|C,1
K,591,S,1,R,5,C,1,X,117,K,4,Y,206,K,2,R,1,X,1,K,1,Y,1,S,1,C,1,"L1:[sp=K,591] S=1,R=5,C=1,X=117,K=4,Y=206 || L2:[sp=K,2] R=1,X=1,K=1,Y=1,S=1,C=1",-15015337.0,-555671.0,1,K|K,1
X,591,S,1,X,1,C,3,R,7,K,31,Y,184,Y,89,S,1,Y,1,R,1,X,1,K,1,C,1,"L1:[sp=X,591] S=1,X=1,C=3,R=7,K=31,Y=184 || L2:[sp=Y,89] S=1,Y=1,R=1,X=1,K=1,C=1",-791155.0,-109941.0,1,X|Y,1
X,591,S,1,R,7,C,2,X,194,Y,206,K,31,Y,89,S,1,Y,1,R,1,X,1,K,1,C,1,"L1:[sp=X,591] S=1,R=7,C=2,X=194,Y=206,K=31 || L2:[sp=Y,89] S=1,Y=1,R=1,X=1,K=1,C=1",-7300693.0,-196875.0,1,X|Y,1
Y,927,X,1,R,4,Y,1,K,36,C,3,S,5,Y,1,K,1,X,1,Y,1,R,1,S,1,C,1,"L1:[sp=Y,927] X=1,R=4,Y=1,K=36,C=3,S=5 || L2:[sp=Y,1] K=1,X=1,Y=1,R=1,S=1,C=1",-41396961.0,-68891.4,1,Y|Y,1
Y,927,X,194,R,1,Y,1,K,36,C,2,S,1,Y,1,K,18,X,1,S,1,R,1,Y,1,C,1,"L1:[sp=Y,927] X=194,R=1,Y=1,K=36,C=2,S=1 || L2:[sp=Y,1] K=18,X=1,S=1,R=1,Y=1,C=1",-2371209.0,-1358990.0,1,Y|Y,1
Y,927,X,194,R,1,Y,1,C,2,K,52,S,1,Y,1,K,1,X,1,Y,1,R,1,S,1,C,1,"L1:[sp=Y,927] X=194,R=1,Y=1,C=2,K=52,S=1 || L2:[sp=Y,1] K=1,X=1,Y=1,R=1,S=1,C=1",-2107785.0,-1353840.0,1,Y|Y,1
Y,927,K,1,R,1,Y,1,C,2,X,194,S,5,Y,1,K,1,X,1,Y,1,C,1,S,1,R,1,"L1:[sp=Y,927] K=1,R=1,Y=1,C=2,X=194,S=5 || L2:[sp=Y,1] K=1,X=1,Y=1,C=1,S=1,R=1",-2148609.0,-887743.0,1,Y|Y,1
K,591,S,1,R,1,C,1,X,117,Y,184,K,4,X,89,R,1,X,1,K,3,Y,1,S,1,C,1,"L1:[sp=K,591] S=1,R=1,C=1,X=117,Y=184,K=4 || L2:[sp=X,89] R=1,X=1,K=3,Y=1,S=1,C=1",-1054873.0,-2071060.0,1,K|X,1
K,591,S,1,R,5,C,1,X,117,K,4,Y,87,X,89,R,1,X,1,K,1,Y,1,C,1,S,1,"L1:[sp=K,591] S=1,R=5,C=1,X=117,K=4,Y=87 || L2:[sp=X,89] R=1,X=1,K=1,Y=1,C=1,S=1",-1091833.0,-593355.0,1,K|X,1
Y,927,X,194,R,1,Y,1,K,29,C,2,S,1,Y,1,K,1,X,1,Y,1,R,1,S,1,C,1,"L1:[sp=Y,927] X=194,R=1,Y=1,K=29,C=2,S=1 || L2:[sp=Y,1] K=1,X=1,Y=1,R=1,S=1,C=1",-2107981.0,-1364220.0,1,Y|Y,1
K,591,S,3,R,7,C,1,X,199,Y,184,K,4,X,89,R,1,X,1,K,3,S,2,Y,1,C,1,"L1:[sp=K,591] S=3,R=7,C=1,X=199,Y=184,K=4 || L2:[sp=X,89] R=1,X=1,K=3,S=2,Y=1,C=1",-1081993.0,-126643.0,1,K|X,1
K,591,S,1,R,7,C,1,Y,206,K,4,X,117,X,89,S,1,K,3,X,1,Y,1,R,1,C,1,"L1:[sp=K,591] S=1,R=7,C=1,Y=206,K=4,X=117 || L2:[sp=X,89] S=1,K=3,X=1,Y=1,R=1,C=1",-1082089.0,-294395.0,1,K|X,1
K,591,S,1,R,5,C,1,X,117,K,4,Y,184,X,89,R,1,X,1,K,1,Y,1,S,1,C,1,"L1:[sp=K,591] S=1,R=5,C=1,X=117,K=4,Y=184 || L2:[sp=X,89] R=1,X=1,K=1,Y=1,S=1,C=1",-1072849.0,-597645.0,1,K|X,1
K,591,S,1,R,7,C,1,X,117,Y,184,K,4,X,89,R,1,X,1,K,3,Y,7,S,1,C,1,"L1:[sp=K,591] S=1,R=7,C=1,X=117,Y=184,K=4 || L2:[sp=X,89] R=1,X=1,K=3,Y=7,S=1,C=1",-1063273.0,-288975.0,1,K|X,1
X,591,S,1,R,7,C,1,Y,17,K,4,X,117,K,89,K,1,X,1,S,1,Y,1,R,1,C,1,"L1:[sp=X,591] S=1,R=7,C=1,Y=17,K=4,X=117 || L2:[sp=K,89] K=1,X=1,S=1,Y=1,R=1,C=1",-81458833.0,-286533.0,1,X|K,1
Y,927,S,3,R,1,Y,109,K,36,C,2,X,194,Y,1,K,1,X,1,Y,1,R,1,S,2,C,1,"L1:[sp=Y,927] S=3,R=1,Y=109,K=36,C=2,X=194 || L2:[sp=Y,1] K=1,X=1,Y=1,R=1,S=2,C=1",-229705897.0,-625470.0,1,Y|Y,1
X,591,S,1,R,5,C,3,X,1,K,31,Y,206,Y,89,S,1,Y,1,R,1,X,1,K,1,C,1,"L1:[sp=X,591] S=1,R=5,C=3,X=1,K=31,Y=206 || L2:[sp=Y,89] S=1,Y=1,R=1,X=1,K=1,C=1",-792037.0,-226413.0,1,X|Y,1
K,591,S,1,R,5,C,1,X,117,K,4,Y,184,X,89,R,1,X,1,K,1,Y,129,S,1,C,1,"L1:[sp=K,591] S=1,R=5,C=1,X=117,K=4,Y=184 || L2:[sp=X,89] R=1,X=1,K=1,Y=129,S=1,C=1",-1162225.0,-597645.0,1,K|X,1
X,591,S,1,X,1,C,3,R,7,K,31,Y,184,Y,89,S,1,Y,1,R,1,X,1,K,1,C,1,"L1:[sp=X,591] S=1,X=1,C=3,R=7,K=31,Y=184 || L2:[sp=Y,89] S=1,Y=1,R=1,X=1,K=1,C=1",-791155.0,-109941.0,1,X|Y,1
K,591,S,1,R,6,C,1,X,117,K,4,Y,217,X,89,R,1,X,1,K,1,Y,1,S,1,C,1,"L1:[sp=K,591] S=1,R=6,C=1,X=117,K=4,Y=217 || L2:[sp=X,89] R=1,X=1,K=1,Y=1,S=1,C=1",-1077553.0,-604223.0,1,K|X,1
X,591,S,1,R,5,C,1,X,1,K,31,Y,206,C,1,S,1,Y,1,R,1,X,1,K,1,C,1,"L1:[sp=X,591] S=1,R=5,C=1,X=1,K=31,Y=206 || L2:[sp=C,1] S=1,Y=1,R=1,X=1,K=1,C=1",-2145277.0,-606188.0,1,X|C,1
K,591,S,1,R,7,C,3,X,117,Y,184,K,4,K,2,R,1,X,1,S,1,Y,7,K,3,C,1,"L1:[sp=K,591] S=1,R=7,C=3,X=117,Y=184,K=4 || L2:[sp=K,2] R=1,X=1,S=1,Y=7,K=3,C=1",-22325213.0,-94663.0,1,K|K,1
X,591,S,1,X,1,C,1,R,7,K,31,Y,184,Y,89,S,1,Y,1,R,1,X,1,K,1,C,1,"L1:[sp=X,591] S=1,X=1,C=1,R=7,K=31,Y=184 || L2:[sp=Y,89] S=1,Y=1,R=1,X=1,K=1,C=1",-792919.0,-297587.0,1,X|Y,1
C,591,S,1,R,5,C,3,X,1,K,13,Y,206,Y,89,S,1,Y,1,R,1,X,1,K,1,C,1,"L1:[sp=C,591] S=1,R=5,C=3,X=1,K=13,Y=206 || L2:[sp=Y,89] S=1,Y=1,R=1,X=1,K=1,C=1",-8460929.0,-252638.0,1,C|Y,1
X,591,S,1,R,7,C,3,X,1,K,31,Y,206,C,1,S,1,Y,1,R,1,X,1,K,1,C,1,"L1:[sp=X,591] S=1,R=7,C=3,X=1,K=31,Y=206 || L2:[sp=C,1] S=1,Y=1,R=1,X=1,K=1,C=1",-2163883.0,-107435.0,1,X|C,1
C,591,S,1,R,7,Y,184,X,117,C,3,K,4,X,89,R,1,X,89,K,3,Y,7,S,1,C,1,"L1:[sp=C,591] S=1,R=7,Y=184,X=117,C=3,K=4 || L2:[sp=X,89] R=1,X=89,K=3,Y=7,S=1,C=1",-378465473.0,-100757.0,1,C|X,1
X,591,S,1,R,5,Y,206,X,1,K,31,C,1,Y,89,S,1,Y,28,R,1,X,1,K,1,C,1,"L1:[sp=X,591] S=1,R=5,Y=206,X=1,K=31,C=1 || L2:[sp=Y,89] S=1,Y=28,R=1,X=1,K=1,C=1",-11069101.0,-617870.0,1,X|Y,1
K,591,S,1,R,5,C,1,X,117,Y,184,K,4,X,89,R,1,X,90,K,3,Y,1,S,1,C,1,"L1:[sp=K,591] S=1,R=5,C=1,X=117,Y=184,K=4 || L2:[sp=X,89] R=1,X=90,K=3,Y=1,S=1,C=1",-48263377.0,-589941.0,1,K|X,1
K,591,S,1,R,1,C,2,X,117,Y,184,K,4,X,89,R,1,C,1,K,1,Y,1,S,1,X,1,"L1:[sp=K,591] S=1,R=1,C=2,X=117,Y=184,K=4 || L2:[sp=X,89] R=1,C=1,K=1,Y=1,S=1,X=1",-1054481.0,-1411210.0,1,K|X,1
X,591,S,1,R,5,C,3,X,1,K,31,Y,188,Y,89,S,1,Y,1,R,1,X,1,K,1,C,1,"L1:[sp=X,591] S=1,R=5,C=3,X=1,K=31,Y=188 || L2:[sp=Y,89] S=1,Y=1,R=1,X=1,K=1,C=1",-792037.0,-223547.0,1,X|Y,1
K,591,S,1,R,1,C,1,X,117,Y,184,K,4,X,89,R,1,X,31,K,4,Y,1,S,1,C,1,"L1:[sp=K,591] S=1,R=1,C=1,X=117,Y=184,K=4 || L2:[sp=X,89] R=1,X=31,K=4,Y=1,S=1,C=1",-16333465.0,-2071060.0,1,K|X,1
K,591,S,5,R,7,Y,184,X,117,C,3,K,4,X,89,R,1,X,1,K,3,Y,7,S,1,C,1,"L1:[sp=K,591] S=5,R=7,Y=184,X=117,C=3,K=4 || L2:[sp=X,89] R=1,X=1,K=3,Y=7,S=1,C=1",-1063121.0,-29458.0,1,K|X,1
X,591,S,1,X,1,R,7,K,31,C,1,Y,158,Y,89,S,1,Y,1,R,1,X,1,K,1,C,1,"L1:[sp=X,591] S=1,X=1,R=7,K=31,C=1,Y=158 || L2:[sp=Y,89] S=1,Y=1,R=1,X=1,K=1,C=1",-595351.0,-299903.0,1,X|Y,1
K,591,S,1,R,1,C,1,X,117,Y,184,K,4,X,89,R,1,X,1,K,3,Y,1,S,1,C,1,"L1:[sp=K,591] S=1,R=1,C=1,X=117,Y=184,K=4 || L2:[sp=X,89] R=1,X=1,K=3,Y=1,S=1,C=1",-1054873.0,-2071060.0,1,K|X,1
K,591,S,7,R,7,K,4,X,117,Y,184,C,1,X,89,R,1,X,1,K,3,Y,134,S,3,C,1,"L1:[sp=K,591] S=7,R=7,K=4,X=117,Y=184,C=1 || L2:[sp=X,89] R=1,X=1,K=3,Y=134,S=3,C=1",-1157209.0,-42162.1,1,K|X,1
X,591,S,1,R,5,C,3,X,1,K,31,Y,206,Y,89,S,1,Y,1,R,1,X,1,K,1,C,1,"L1:[sp=X,591] S=1,R=5,C=3,X=1,K=31,Y=206 || L2:[sp=Y,89] S=1,Y=1,R=1,X=1,K=1,C=1",-792037.0,-226413.0,1,X|Y,1
K,591,S,1,R,7,C,1,X,117,Y,184,K,4,X,89,C,1,X,1,K,3,Y,7,S,1,R,1,"L1:[sp=K,591] S=1,R=7,C=1,X=117,Y=184,K=4 || L2:[sp=X,89] C=1,X=1,K=3,Y=7,S=1,R=1",-1063273.0,-288975.0,1,K|X,1
X,591,S,1,X,1,C,3,R,7,K,31,Y,184,Y,89,S,1,Y,1,R,1,X,1,K,1,C,3,"L1:[sp=X,591] S=1,X=1,C=3,R=7,K=31,Y=184 || L2:[sp=Y,89] S=1,Y=1,R=1,X=1,K=1,C=3",-791155.0,-109941.0,1,X|Y,1
K,591,S,1,R,1,Y,184,X,117,C,1,K,4,X,89,R,1,X,1,K,3,Y,1,S,1,C,1,"L1:[sp=K,591] S=1,R=1,Y=184,X=117,C=1,K=4 || L2:[sp=X,89] R=1,X=1,K=3,Y=1,S=1,C=1",-1054873.0,-2071120.0,1,K|X,1
X,591,S,1,X,1,R,7,K,31,C,1,Y,158,Y,89,S,1,Y,1,R,1,X,1,K,1,C,1,"L1:[sp=X,591] S=1,X=1,R=7,K=31,C=1,Y=158 || L2:[sp=Y,89] S=1,Y=1,R=1,X=1,K=1,C=1",-595351.0,-299903.0,1,X|Y,1
X,591,S,1,R,7,C,3,X,1,K,6,Y,206,Y,89,S,1,Y,1,R,7,X,1,K,1,C,1,"L1:[sp=X,591] S=1,R=7,C=3,X=1,K=6,Y=206 || L2:[sp=Y,89] S=1,Y=1,R=7,X=1,K=1,C=1",-793507.0,-144834.0,1,X|Y,1
X,591,S,1,X,1,C,1,R,5,K,31,Y,184,Y,89,S,1,Y,1,R,1,X,1,K,1,C,1,"L1:[sp=X,591] S=1,X=1,C=1,R=5,K=31,Y=184 || L2:[sp=Y,89] S=1,Y=1,R=1,X=1,K=1,C=1",-795565.0,-603028.0,1,X|Y,1
X,591,S,1,X,1,C,1,R,7,K,31,Y,184,Y,89,S,1,Y,1,R,1,X,1,K,1,C,1,"L1:[sp=X,591] S=1,X=1,C=1,R=7,K=31,Y=184 || L2:[sp=Y,89] S=1,Y=1,R=1,X=1,K=1,C=1",-792919.0,-297587.0,1,X|Y,1
X,591,S,1,X,1,C,3,R,7,K,31,Y,184,Y,89,S,1,Y,1,R,1,X,1,K,1,C,3,"L1:[sp=X,591] S=1,X=1,C=3,R=7,K=31,Y=184 || L2:[sp=Y,89] S=1,Y=1,R=1,X=1,K=1,C=3",-791155.0,-109941.0,1,X|Y,1
K,591,S,1,R,7,C,1,X,117,Y,184,K,4,X,89,R,1,X,1,K,3,Y,1,S,1,C,1,"L1:[sp=K,591] S=1,R=7,C=1,X=117,Y=184,K=4 || L2:[sp=X,89] R=1,X=1,K=3,Y=1,S=1,C=1",-1082089.0,-288975.0,1,K|X,1
X,591,S,1,X,1,C,3,R,1,K,31,Y,184,Y,89,S,1,Y,1,R,1,X,1,K,1,C,3,"L1:[sp=X,591] S=1,X=1,C=3,R=1,K=31,Y=184 || L2:[sp=Y,89] S=1,Y=1,R=1,X=1,K=1,C=3",-796447.0,-756720.0,1,X|Y,1
X,591,S,1,X,1,K,36,R,7,C,1,Y,184,Y,89,S,1,Y,1,R,1,X,1,K,1,C,1,"L1:[sp=X,591] S=1,X=1,K=36,R=7,C=1,Y=184 || L2:[sp=Y,89] S=1,Y=1,R=1,X=1,K=1,C=1",-792037.0,-296134.0,1,X|Y,1
K,591,S,1,X,122,R,7,K,31,C,1,Y,158,Y,89,S,1,Y,94,R,1,X,1,K,1,C,1,"L1:[sp=K,591] S=1,X=122,R=7,K=31,C=1,Y=158 || L2:[sp=Y,89] S=1,Y=94,R=1,X=1,K=1,C=1",-191904469.0,-288217.0,1,K|Y,1
X,591,S,1,X,48,C,3,R,7,K,31,Y,184,Y,89,S,1,R,1,Y,1,X,1,K,1,C,1,"L1:[sp=X,591] S=1,X=48,C=3,R=7,K=31,Y=184 || L2:[sp=Y,89] S=1,R=1,Y=1,X=1,K=1,C=1",-1806379.0,-106043.0,1,X|Y,1
K,591,S,1,R,1,C,3,X,117,Y,184,K,4,X,89,R,1,C,1,K,1,Y,1,S,1,X,1,"L1:[sp=K,591] S=1,R=1,C=3,X=117,Y=184,K=4 || L2:[sp=X,89] R=1,C=1,K=1,Y=1,S=1,X=1",-1054089.0,-715189.0,1,K|X,1
X,591,S,5,X,1,C,1,R,7,K,31,Y,184,Y,89,S,1,Y,1,C,1,R,4,X,1,K,21,"L1:[sp=X,591] S=5,X=1,C=1,R=7,K=31,Y=184 || L2:[sp=Y,89] S=1,Y=1,C=1,R=4,X=1,K=21",-4234321.0,-101925.0,1,X|Y,1
X,591,S,1,X,1,C,3,R,7,K,1,Y,184,Y,89,S,1,Y,1,R,1,X,1,K,1,C,3,"L1:[sp=X,591] S=1,X=1,C=3,R=7,K=1,Y=184 || L2:[sp=Y,89] S=1,Y=1,R=1,X=1,K=1,C=3",-809089.0,-335925.0,1,X|Y,1
X,591,S,1,X,1,C,3,R,7,K,31,Y,184,Y,89,S,1,Y,178,R,1,X,1,K,1,C,1,"L1:[sp=X,591] S=1,X=1,C=3,R=7,K=31,Y=184 || L2:[sp=Y,89] S=1,Y=178,R=1,X=1,K=1,C=1",-70335091.0,-109941.0,1,X|Y,1
X,591,S,1,R,5,C,3,X,1,K,31,Y,206,Y,89,S,1,Y,1,R,1,X,1,K,1,C,1,"L1:[sp=X,591] S=1,R=5,C=3,X=1,K=31,Y=206 || L2:[sp=Y,89] S=1,Y=1,R=1,X=1,K=1,C=1",-792037.0,-226413.0,1,X|Y,1
K,591,C,1,R,6,S,1,X,42,Y,12,K,4,X,89,R,1,X,1,K,3,Y,1,S,1,C,1,"L1:[sp=K,591] C=1,R=6,S=1,X=42,Y=12,K=4 || L2:[sp=X,89] R=1,X=1,K=3,Y=1,S=1,C=1",-2225161.0,-590925.0,1,K|X,1
X,591,S,1,X,117,R,7,K,31,C,1,Y,158,Y,89,S,1,Y,1,R,1,X,1,K,18,C,1,"L1:[sp=X,591] S=1,X=117,R=7,K=31,C=1,Y=158 || L2:[sp=Y,89] S=1,Y=1,R=1,X=1,K=18,C=1",-3869902.0,-297965.0,1,X|Y,1
Y,591,S,1,X,1,C,1,R,7,K,31,Y,111,X,89,S,1,Y,1,R,5,X,1,K,1,C,1,"L1:[sp=Y,591] S=1,X=1,C=1,R=7,K=31,Y=111 || L2:[sp=X,89] S=1,Y=1,R=5,X=1,K=1,C=1",-238149409.0,-297764.0,1,Y|X,1
X,591,S,4,X,1,C,3,R,7,K,31,Y,184,K,1,S,1,Y,1,R,1,X,1,K,1,C,1,"L1:[sp=X,591] S=4,X=1,C=3,R=7,K=31,Y=184 || L2:[sp=K,1] S=1,Y=1,R=1,X=1,K=1,C=1",-8655373.0,-41835.8,1,X|K,1
X,591,S,2,X,1,C,3,R,7,K,31,Y,184,Y,89,S,1,Y,1,R,1,X,1,K,1,C,1,"L1:[sp=X,591] S=2,X=1,C=3,R=7,K=31,Y=184 || L2:[sp=Y,89] S=1,Y=1,R=1,X=1,K=1,C=1",-1581049.0,-71749.1,1,X|Y,1
K,591,S,1,R,1,C,1,X,117,Y,53,K,4,X,89,R,1,X,1,K,3,Y,1,S,1,C,1,"L1:[sp=K,591] S=1,R=1,C=1,X=117,Y=53,K=4 || L2:[sp=X,89] R=1,X=1,K=3,Y=1,S=1,C=1",-1056637.0,-2059120.0,1,K|X,1
X,591,S,1,X,1,R,7,K,31,C,1,Y,158,Y,89,S,1,Y,1,R,1,X,1,K,1,C,1,"L1:[sp=X,591] S=1,X=1,R=7,K=31,C=1,Y=158 || L2:[sp=Y,89] S=1,Y=1,R=1,X=1,K=1,C=1",-595351.0,-299903.0,1,X|Y,1
X,591,Y,184,X,1,C,3,R,3,K,31,S,1,Y,4,S,1,Y,1,R,1,X,1,K,1,C,3,"L1:[sp=X,591] Y=184,X=1,C=3,R=3,K=31,S=1 || L2:[sp=Y,4] S=1,Y=1,R=1,X=1,K=1,C=3",-536383.0,-290544.0,1,X|Y,1
X,591,S,1,X,26,C,1,R,7,K,31,Y,184,Y,89,S,1,Y,173,R,1,X,1,K,24,C,1,"L1:[sp=X,591] S=1,X=26,C=1,R=7,K=31,Y=184 || L2:[sp=Y,89] S=1,Y=173,R=1,X=1,K=24,C=1",-91246555.0,-295507.0,1,X|Y,1
X,591,S,1,R,5,C,3,X,80,K,31,Y,206,Y,89,S,1,Y,1,R,1,X,1,K,1,C,1,"L1:[sp=X,591] S=1,R=5,C=3,X=80,K=31,Y=206 || L2:[sp=Y,89] S=1,Y=1,R=1,X=1,K=1,C=1",-3010645.0,-217832.0,1,X|Y,1
X,591,S,1,R,7,C,3,X,1,K,6,Y,206,Y,89,S,1,Y,1,R,7,X,1,K,6,C,1,"L1:[sp=X,591] S=1,R=7,C=3,X=1,K=6,Y=206 || L2:[sp=Y,89] S=1,Y=1,R=7,X=1,K=6,C=1",-818203.0,-144834.0,1,X|Y,1
X,591,S,1,X,1,C,1,R,7,K,64,Y,184,Y,89,S,1,Y,1,R,1,X,1,K,1,C,1,"L1:[sp=X,591] S=1,X=1,C=1,R=7,K=64,Y=184 || L2:[sp=Y,89] S=1,Y=1,R=1,X=1,K=1,C=1",-791155.0,-289655.0,1,X|Y,1
X,591,K,31,X,123,C,1,R,5,S,1,Y,184,Y,89,S,1,Y,1,R,1,X,1,K,1,C,1,"L1:[sp=X,591] K=31,X=123,C=1,R=5,S=1,Y=184 || L2:[sp=Y,89] S=1,Y=1,R=1,X=1,K=1,C=1",-4628989.0,-598979.0,1,X|Y,1
X,591,S,1,C,1,X,1,R,7,K,31,Y,92,Y,89,S,1,Y,1,R,1,X,1,K,1,C,1,"L1:[sp=X,591] S=1,C=1,X=1,R=7,K=31,Y=92 || L2:[sp=Y,89] S=1,Y=1,R=1,X=1,K=1,C=1",-991810.0,-295500.0,1,X|Y,1
X,591,S,1,X,23,K,36,R,7,C,1,Y,184,Y,89,S,1,Y,1,R,1,X,1,K,1,C,1,"L1:[sp=X,591] S=1,X=23,K=36,R=7,C=1,Y=184 || L2:[sp=Y,89] S=1,Y=1,R=1,X=1,K=1,C=1",-865621.0,-294339.0,1,X|Y,1
X,591,S,1,X,1,C,3,R,7,K,31,Y,184,Y,89,S,1,Y,1,R,1,X,1,K,1,C,3,"L1:[sp=X,591] S=1,X=1,C=3,R=7,K=31,Y=184 || L2:[sp=Y,89] S=1,Y=1,R=1,X=1,K=1,C=3",-791155.0,-109941.0,1,X|Y,1
Y,591,Y,158,X,1,R,3,K,31,C,3,S,1,X,89,S,1,Y,1,R,1,X,1,K,1,C,1,"L1:[sp=Y,591] Y=158,X=1,R=3,K=31,C=3,S=1 || L2:[sp=X,89] S=1,Y=1,R=1,X=1,K=1,C=1",-337196833.0,-306570.0,1,Y|X,1
X,591,S,1,R,3,C,3,X,1,K,31,Y,206,Y,89,S,1,Y,1,R,1,X,1,K,1,C,1,"L1:[sp=X,591] S=1,R=3,C=3,X=1,K=31,Y=206 || L2:[sp=Y,89] S=1,Y=1,R=1,X=1,K=1,C=1",-792919.0,-339717.0,1,X|Y,1
X,591,S,1,X,1,C,2,R,1,K,31,Y,184,Y,89,S,1,Y,1,R,1,X,1,K,1,C,2,"L1:[sp=X,591] S=1,X=1,C=2,R=1,K=31,Y=184 || L2:[sp=Y,89] S=1,Y=1,R=1,X=1,K=1,C=2",-1066045.0,-1457880.0,1,X|Y,1
X,591,S,1,X,1,K,36,R,1,C,1,Y,184,Y,89,R,1,Y,1,S,1,X,1,K,1,C,1,"L1:[sp=X,591] S=1,X=1,K=36,R=1,C=1,Y=184 || L2:[sp=Y,89] R=1,Y=1,S=1,X=1,K=1,C=1",-802621.0,-2109780.0,1,X|Y,1
X,591,S,1,X,1,C,1,R,5,K,31,Y,46,Y,89,S,1,Y,1,R,1,X,1,K,1,C,1,"L1:[sp=X,591] S=1,X=1,C=1,R=5,K=31,Y=46 || L2:[sp=Y,89] S=1,Y=1,R=1,X=1,K=1,C=1",-1001071.0,-600288.0,1,X|Y,1
K,591,S,1,Y,184,C,3,R,1,K,31,X,1,Y,89,S,1,Y,1,R,1,X,1,K,1,C,3,"L1:[sp=K,591] S=1,Y=184,C=3,R=1,K=31,X=1 || L2:[sp=Y,89] S=1,Y=1,R=1,X=1,K=1,C=3",-4105025.0,-725927.0,1,K|Y,1
X,591,S,1,X,1,C,3,R,6,K,31,Y,184,Y,89,S,1,Y,1,R,1,C,3,K,1,X,1,"L1:[sp=X,591] S=1,X=1,C=3,R=6,K=31,Y=184 || L2:[sp=Y,89] S=1,Y=1,R=1,C=3,K=1,X=1",-792037.0,-220763.0,1,X|Y,1
C,591,S,1,X,1,C,3,R,7,K,31,Y,184,Y,89,S,1,Y,1,R,1,X,1,K,1,C,3,"L1:[sp=C,591] S=1,X=1,C=3,R=7,K=31,Y=184 || L2:[sp=Y,89] S=1,Y=1,R=1,X=1,K=1,C=3",-8438977.0,-118007.0,1,C|Y,1
X,591,S,1,X,1,C,1,R,7,K,31,Y,184,Y,89,S,1,Y,1,R,1,X,1,K,1,C,1,"L1:[sp=X,591] S=1,X=1,C=1,R=7,K=31,Y=184 || L2:[sp=Y,89] S=1,Y=1,R=1,X=1,K=1,C=1",-792919.0,-297587.0,1,X|Y,1
X,591,S,1,X,1,C,3,R,7,K,31,Y,184,Y,89,S,1,Y,1,R,1,X,1,K,12,C,3,"L1:[sp=X,591] S=1,X=1,C=3,R=7,K=31,Y=184 || L2:[sp=Y,89] S=1,Y=1,R=1,X=1,K=12,C=3",-852895.0,-109941.0,1,X|Y,1
X,591,S,1,C,1,X,1,R,5,K,31,Y,184,Y,89,S,1,Y,1,R,1,X,1,K,23,C,1,"L1:[sp=X,591] S=1,C=1,X=1,R=5,K=31,Y=184 || L2:[sp=Y,89] S=1,Y=1,R=1,X=1,K=23,C=1",-869653.0,-602842.0,1,X|Y,1
X,591,Y,184,X,1,C,3,R,3,K,31,S,1,Y,4,S,1,Y,1,R,1,X,1,K,1,C,3,"L1:[sp=X,591] Y=184,X=1,C=3,R=3,K=31,S=1 || L2:[sp=Y,4] S=1,Y=1,R=1,X=1,K=1,C=3",-536383.0,-290544.0,1,X|Y,1
Y,591,Y,184,X,1,C,3,R,3,K,31,S,1,Y,4,S,1,Y,1,R,1,X,1,K,1,C,3,"L1:[sp=Y,591] Y=184,X=1,C=3,R=3,K=31,S=1 || L2:[sp=Y,4] S=1,Y=1,R=1,X=1,K=1,C=3",-99061537.0,-306570.0,1,Y|Y,1
X,591,S,1,X,1,C,3,R,6,Y,184,K,31,Y,89,S,1,Y,1,R,1,C,3,K,1,X,1,"L1:[sp=X,591] S=1,X=1,C=3,R=6,Y=184,K=31 || L2:[sp=Y,89] S=1,Y=1,R=1,C=3,K=1,X=1",-792037.0,-207348.0,1,X|Y,1
X,591,S,1,X,1,C,3,R,4,K,31,Y,184,Y,89,S,1,Y,1,R,1,X,1,K,1,C,3,"L1:[sp=X,591] S=1,X=1,C=3,R=4,K=31,Y=184 || L2:[sp=Y,89] S=1,Y=1,R=1,X=1,K=1,C=3",-792037.0,-218416.0,1,X|Y,1
X,591,Y,184,X,1,C,3,R,3,K,31,S,1,Y,4,S,1,Y,1,R,1,X,1,K,1,C,3,"L1:[sp=X,591] Y=184,X=1,C=3,R=3,K=31,S=1 || L2:[sp=Y,4] S=1,Y=1,R=1,X=1,K=1,C=3",-536383.0,-290544.0,1,X|Y,1
X,591,S,1,X,1,C,3,R,1,K,31,Y,184,Y,89,K,31,Y,1,R,1,C,3,X,1,S,1,"L1:[sp=X,591] S=1,X=1,C=3,R=1,K=31,Y=184 || L2:[sp=Y,89] K=31,Y=1,R=1,C=3,X=1,S=1",-1154539.0,-756720.0,1,X|Y,1
X,591,S,1,X,1,C,1,R,6,K,31,Y,184,Y,89,S,1,Y,1,R,6,X,1,K,1,C,1,"L1:[sp=X,591] S=1,X=1,C=1,R=6,K=31,Y=184 || L2:[sp=Y,89] S=1,Y=1,R=6,X=1,K=1,C=1",-1360045.0,-605958.0,1,X|Y,1
Y,591,S,1,R,3,C,3,X,1,K,31,Y,158,Y,89,S,1,Y,1,R,1,X,1,K,1,C,1,"L1:[sp=Y,591] S=1,R=3,C=3,X=1,K=31,Y=158 || L2:[sp=Y,89] S=1,Y=1,R=1,X=1,K=1,C=1",-4228897.0,-314066.0,1,Y|Y,1
C,591,S,1,X,1,R,7,K,31,C,1,Y,206,Y,89,S,1,Y,1,R,1,X,1,K,1,C,1,"L1:[sp=C,591] S=1,X=1,R=7,K=31,C=1,Y=206 || L2:[sp=Y,89] S=1,Y=1,R=1,X=1,K=1,C=1",-2819265.0,-115442.0,1,C|Y,1
X,591,S,1,X,1,C,1,R,7,K,31,Y,146,Y,89,S,1,Y,1,R,2,X,1,K,1,C,1,"L1:[sp=X,591] S=1,X=1,C=1,R=7,K=31,Y=146 || L2:[sp=Y,89] S=1,Y=1,R=2,X=1,K=1,C=1",-595351.0,-294537.0,1,X|Y,1
X,591,S,1,R,3,C,3,X,1,K,16,Y,184,Y,89,S,1,Y,1,R,1,X,1,K,1,C,1,"L1:[sp=X,591] S=1,R=3,C=3,X=1,K=16,Y=184 || L2:[sp=Y,89] S=1,Y=1,R=1,X=1,K=1,C=1",-793801.0,-345328.0,1,X|Y,1
Y,591,S,1,X,210,C,1,R,7,K,46,Y,184,X,89,S,1,Y,1,R,1,X,1,K,1,C,1,"L1:[sp=Y,591] S=1,X=210,C=1,R=7,K=46,Y=184 || L2:[sp=X,89] S=1,Y=1,R=1,X=1,K=1,C=1",-7150165.0,-288962.0,1,Y|X,1
X,591,S,1,X,1,C,1,R,7,K,64,Y,44,Y,89,S,1,Y,1,R,1,X,1,K,1,C,1,"L1:[sp=X,591] S=1,X=1,C=1,R=7,K=64,Y=44 || L2:[sp=Y,89] S=1,Y=1,R=1,X=1,K=1,C=1",-990046.0,-286715.0,1,X|Y,1
Y,591,S,1,X,1,K,18,R,1,C,3,Y,123,Y,89,R,1,C,3,S,1,X,1,K,1,Y,1,"L1:[sp=Y,591] S=1,X=1,K=18,R=1,C=3,Y=123 || L2:[sp=Y,89] R=1,C=3,S=1,X=1,K=1,Y=1",-4258689.0,-688478.0,1,Y|Y,1
C,591,K,31,X,1,C,1,R,3,Y,184,S,1,Y,4,S,1,Y,1,R,1,X,1,K,1,C,1,"L1:[sp=C,591] K=31,X=1,C=1,R=3,Y=184,S=1 || L2:[sp=Y,4] S=1,Y=1,R=1,X=1,K=1,C=1",-40068673.0,-325662.0,1,C|Y,1
X,591,K,31,R,3,C,3,X,1,S,1,Y,206,Y,89,S,1,Y,1,R,1,X,1,K,21,C,1,"L1:[sp=X,591] K=31,R=3,C=3,X=1,S=1,Y=206 || L2:[sp=Y,89] S=1,Y=1,R=1,X=1,K=21,C=1",-891703.0,-333177.0,1,X|Y,1
X,591,S,1,X,1,Y,158,K,31,C,1,R,7,Y,89,S,1,Y,1,R,7,X,1,K,1,C,1,"L1:[sp=X,591] S=1,X=1,Y=158,K=31,C=1,R=7 || L2:[sp=Y,89] S=1,Y=1,R=7,X=1,K=1,C=1",-595351.0,-299156.0,1,X|Y,1
X,591,Y,184,X,1,C,3,R,3,K,31,S,1,Y,4,S,1,Y,1,R,1,X,1,K,1,C,3,"L1:[sp=X,591] Y=184,X=1,C=3,R=3,K=31,S=1 || L2:[sp=Y,4] S=1,Y=1,R=1,X=1,K=1,C=3",-536383.0,-290544.0,1,X|Y,1
X,591,S,1,X,1,R,7,K,31,C,1,Y,158,Y,89,S,1,Y,1,R,1,X,1,K,3,C,1,"L1:[sp=X,591] S=1,X=1,R=7,K=31,C=1,Y=158 || L2:[sp=Y,89] S=1,Y=1,R=1,X=1,K=3,C=1",-586090.0,-299903.0,1,X|Y,1
X,591,S,1,X,1,C,1,R,7,K,64,Y,184,Y,89,S,1,Y,1,R,1,X,1,K,1,C,1,"L1:[sp=X,591] S=1,X=1,C=1,R=7,K=64,Y=184 || L2:[sp=Y,89] S=1,Y=1,R=1,X=1,K=1,C=1",-791155.0,-289655.0,1,X|Y,1
X,591,S,1,X,1,C,3,R,7,K,31,Y,184,Y,89,S,1,Y,1,R,1,X,1,K,1,C,1,"L1:[sp=X,591] S=1,X=1,C=3,R=7,K=31,Y=184 || L2:[sp=Y,89] S=1,Y=1,R=1,X=1,K=1,C=1",-791155.0,-109941.0,1,X|Y,1
X,591,Y,184,X,1,C,3,R,3,K,31,S,1,Y,4,S,1,Y,1,R,1,X,1,K,1,C,3,"L1:[sp=X,591] Y=184,X=1,C=3,R=3,K=31,S=1 || L2:[sp=Y,4] S=1,Y=1,R=1,X=1,K=1,C=3",-536383.0,-290544.0,1,X|Y,1
Y,591,Y,184,X,1,C,3,R,4,K,31,S,1,X,4,S,1,Y,1,R,1,X,1,K,1,C,3,"L1:[sp=Y,591] Y=184,X=1,C=3,R=4,K=31,S=1 || L2:[sp=X,4] S=1,Y=1,R=1,X=1,K=1,C=3",-394091713.0,-206677.0,1,Y|X,1
X,591,S,1,X,1,Y,158,K,31,C,1,R,7,Y,89,S,1,Y,1,R,2,X,1,K,1,C,1,"L1:[sp=X,591] S=1,X=1,Y=158,K=31,C=1,R=7 || L2:[sp=Y,89] S=1,Y=1,R=2,X=1,K=1,C=1",-595351.0,-299156.0,1,X|Y,1
Y,591,S,1,X,1,R,7,K,31,C,1,Y,158,Y,89,S,1,Y,1,R,1,X,1,K,29,C,1,"L1:[sp=Y,591] S=1,X=1,R=7,K=31,C=1,Y=158 || L2:[sp=Y,89] S=1,Y=1,R=1,X=1,K=29,C=1",-4228897.0,-303777.0,1,Y|Y,1
X,591,S,1,X,1,R,7,C,1,K,31,Y,146,X,1,S,1,Y,1,C,1,X,1,K,1,R,2,"L1:[sp=X,591] S=1,X=1,R=7,C=1,K=31,Y=146 || L2:[sp=X,1] S=1,Y=1,C=1,X=1,K=1,R=2",-2145151.0,-292665.0,1,X|X,1
X,591,S,1,X,1,R,7,K,31,C,1,Y,44,Y,89,S,1,Y,1,R,1,X,1,K,7,C,1,"L1:[sp=X,591] S=1,X=1,R=7,K=31,C=1,Y=44 || L2:[sp=Y,89] S=1,Y=1,R=1,X=1,K=7,C=1",-1009891.0,-295666.0,1,X|Y,1
X,591,S,1,X,1,C,1,R,7,K,64,Y,184,Y,89,S,1,Y,1,R,1,X,1,K,1,C,1,"L1:[sp=X,591] S=1,X=1,C=1,R=7,K=64,Y=184 || L2:[sp=Y,89] S=1,Y=1,R=1,X=1,K=1,C=1",-791155.0,-289655.0,1,X|Y,1
X,591,Y,142,X,1,C,3,R,3,K,31,S,1,Y,4,Y,1,X,1,R,1,S,1,K,1,C,3,"L1:[sp=X,591] Y=142,X=1,C=3,R=3,K=31,S=1 || L2:[sp=Y,4] Y=1,X=1,R=1,S=1,K=1,C=3",-536383.0,-290303.0,1,X|Y,1
X,591,S,1,X,1,R,6,Y,158,C,1,K,31,Y,89,S,1,Y,1,R,1,X,1,K,3,C,1,"L1:[sp=X,591] S=1,X=1,R=6,Y=158,C=1,K=31 || L2:[sp=Y,89] S=1,Y=1,R=1,X=1,K=3,C=1",-588736.0,-593837.0,1,X|Y,1
X,591,S,4,X,1,C,1,R,7,K,64,Y,184,Y,89,S,1,Y,1,R,1,X,1,K,1,C,1,"L1:[sp=X,591] S=4,X=1,C=1,R=7,K=64,Y=184 || L2:[sp=Y,89] S=1,Y=1,R=1,X=1,K=1,C=1",-3161341.0,-90061.2,1,X|Y,1
X,591,S,1,X,1,C,3,R,5,Y,184,K,31,Y,89,S,1,Y,1,R,1,C,3,K,1,X,1,"L1:[sp=X,591] S=1,X=1,C=3,R=5,Y=184,K=31 || L2:[sp=Y,89] S=1,Y=1,R=1,C=3,K=1,X=1",-792037.0,-205941.0,1,X|Y,1
X,591,S,1,X,204,C,1,R,7,K,31,Y,146,Y,89,S,1,Y,1,R,2,X,1,K,3,C,1,"L1:[sp=X,591] S=1,X=204,C=1,R=7,K=31,Y=146 || L2:[sp=Y,89] S=1,Y=1,R=2,X=1,K=3,C=1",-5667859.0,-292665.0,1,X|Y,1
X,591,S,1,X,100,C,1,R,7,K,64,Y,184,K,8,S,1,Y,1,R,1,X,1,K,1,C,1,"L1:[sp=X,591] S=1,X=100,C=1,R=7,K=64,Y=184 || L2:[sp=K,8] S=1,Y=1,R=1,X=1,K=1,C=1",-27048043.0,-288079.0,1,X|K,1
X,591,S,1,X,131,C,3,R,4,K,31,Y,184,Y,89,S,1,Y,1,R,1,X,1,K,1,C,3,"L1:[sp=X,591] S=1,X=131,C=3,R=4,K=31,Y=184 || L2:[sp=Y,89] S=1,Y=1,R=1,X=1,K=1,C=3",-4929877.0,-214232.0,1,X|Y,1
X,591,S,1,X,1,C,1,R,7,K,64,Y,184,Y,89,S,1,Y,48,R,1,X,1,K,1,C,1,"L1:[sp=X,591] S=1,X=1,C=1,R=7,K=64,Y=184 || L2:[sp=Y,89] S=1,Y=48,R=1,X=1,K=1,C=1",-18967411.0,-289655.0,1,X|Y,1
X,591,S,1,X,1,C,3,Y,184,K,31,R,7,Y,89,S,1,Y,63,R,1,X,1,K,1,C,1,"L1:[sp=X,591] S=1,X=1,C=3,Y=184,K=31,R=7 || L2:[sp=Y,89] S=1,Y=63,R=1,X=1,K=1,C=1",-24894451.0,-103351.0,1,X|Y,1
X,591,S,1,X,1,Y,158,K,31,C,1,R,7,Y,89,S,1,Y,1,R,6,X,1,K,1,C,1,"L1:[sp=X,591] S=1,X=1,Y=158,K=31,C=1,R=7 || L2:[sp=Y,89] S=1,Y=1,R=6,X=1,K=1,C=1",-595351.0,-299156.0,1,X|Y,1
X,591,S,1,X,124,C,1,R,7,K,31,Y,101,Y,89,Y,1,C,1,R,2,X,1,K,1,S,1,"L1:[sp=X,591] S=1,X=124,C=1,R=7,K=31,Y=101 || L2:[sp=Y,89] Y=1,C=1,R=2,X=1,K=1,S=1",-5833150.0,-295400.0,1,X|Y,1
Y,591,K,31,X,1,C,3,R,7,S,2,Y,184,X,89,S,1,Y,1,R,1,X,1,K,1,C,1,"L1:[sp=Y,591] K=31,X=1,C=3,R=7,S=2,Y=184 || L2:[sp=X,89] S=1,Y=1,R=1,X=1,K=1,C=1",-398619637.0,-67076.9,1,Y|X,1
X,591,S,1,X,1,C,3,R,3,K,31,Y,158,Y,4,S,1,Y,1,R,1,X,1,K,1,C,3,"L1:[sp=X,591] S=1,X=1,C=3,R=3,K=31,Y=158 || L2:[sp=Y,4] S=1,Y=1,R=1,X=1,K=1,C=3",-536383.0,-318500.0,1,X|Y,1
X,591,Y,142,X,1,C,3,R,3,K,31,S,1,Y,4,Y,1,X,1,R,1,S,1,K,1,C,3,"L1:[sp=X,591] Y=142,X=1,C=3,R=3,K=31,S=1 || L2:[sp=Y,4] Y=1,X=1,R=1,S=1,K=1,C=3",-536383.0,-290303.0,1,X|Y,1
X,591,C,3,X,1,S,1,R,1,Y,27,K,31,Y,89,S,1,Y,1,R,1,C,3,K,1,X,1,"L1:[sp=X,591] C=3,X=1,S=1,R=1,Y=27,K=31 || L2:[sp=Y,89] S=1,Y=1,R=1,C=3,K=1,X=1",-1805896.0,-712494.0,1,X|Y,1
K,591,Y,157,X,1,C,3,R,3,K,31,S,1,Y,4,S,1,Y,1,R,1,X,1,K,1,C,3,"L1:[sp=K,591] Y=157,X=1,C=3,R=3,K=31,S=1 || L2:[sp=Y,4] S=1,Y=1,R=1,X=1,K=1,C=3",-58193185.0,-312341.0,1,K|Y,1
C,591,K,31,X,1,C,3,R,5,Y,184,S,1,X,1,S,1,Y,1,R,1,C,3,K,1,X,1,"L1:[sp=C,591] K=31,X=1,C=3,R=5,Y=184,S=1 || L2:[sp=X,1] S=1,Y=1,R=1,C=3,K=1,X=1",-480504193.0,-230495.0,1,C|X,1
X,591,Y,184,X,1,C,3,R,3,K,31,S,1,Y,4,S,1,Y,1,R,3,X,1,K,1,C,3,"L1:[sp=X,591] Y=184,X=1,C=3,R=3,K=31,S=1 || L2:[sp=Y,4] S=1,Y=1,R=3,X=1,K=1,C=3",-701695.0,-290544.0,1,X|Y,1
X,591,S,6,X,94,C,3,R,7,K,31,Y,158,Y,4,S,1,Y,57,R,6,X,1,K,1,C,3,"L1:[sp=X,591] S=6,X=94,C=3,R=7,K=31,Y=158 || L2:[sp=Y,4] S=1,Y=57,R=6,X=1,K=1,C=3",-106178701.0,-30880.2,1,X|Y,1
X,591,S,1,X,1,Y,158,K,31,C,2,R,3,Y,89,S,1,Y,1,R,1,X,1,K,1,C,1,"L1:[sp=X,591] S=1,X=1,Y=158,K=31,C=2,R=3 || L2:[sp=Y,89] S=1,Y=1,R=1,X=1,K=1,C=1",-597997.0,-599058.0,1,X|Y,1
X,591,S,1,X,1,Y,158,K,19,C,1,R,7,X,1,S,1,Y,1,R,6,X,1,K,1,C,1,"L1:[sp=X,591] S=1,X=1,Y=158,K=19,C=1,R=7 || L2:[sp=X,1] S=1,Y=1,R=6,X=1,K=1,C=1",-2069929.0,-300562.0,1,X|X,1
X,591,Y,142,X,1,C,3,R,3,K,31,S,1,Y,4,Y,19,X,1,R,1,S,1,K,1,C,3,"L1:[sp=X,591] Y=142,X=1,C=3,R=3,K=31,S=1 || L2:[sp=Y,4] Y=19,X=1,R=1,S=1,K=1,C=3",-715135.0,-290303.0,1,X|Y,1
Y,591,S,1,X,1,C,2,R,7,K,64,Y,184,X,89,S,1,C,1,R,1,X,1,K,1,Y,1,"L1:[sp=Y,591] S=1,X=1,C=2,R=7,K=64,Y=184 || L2:[sp=X,89] S=1,C=1,R=1,X=1,K=1,Y=1",-400407617.0,-200005.0,1,Y|X,1
X,591,Y,184,X,1,C,3,R,5,K,31,S,1,Y,4,C,3,Y,1,R,1,X,1,K,1,S,1,"L1:[sp=X,591] Y=184,X=1,C=3,R=5,K=31,S=1 || L2:[sp=Y,4] C=3,Y=1,R=1,X=1,K=1,S=1",-536341.0,-193491.0,1,X|Y,1
X,591,S,1,X,1,K,31,Y,158,C,1,R,7,Y,89,K,7,Y,1,R,6,X,1,S,1,C,1,"L1:[sp=X,591] S=1,X=1,K=31,Y=158,C=1,R=7 || L2:[sp=Y,89] K=7,Y=1,R=6,X=1,S=1,C=1",-604612.0,-301084.0,1,X|Y,1
X,591,S,1,X,1,C,3,R,3,K,31,Y,158,Y,4,S,1,Y,1,R,1,X,1,K,7,C,3,"L1:[sp=X,591] S=1,X=1,C=3,R=3,K=31,Y=158 || L2:[sp=Y,4] S=1,Y=1,R=1,X=1,K=7,C=3",-544762.0,-318500.0,1,X|Y,1
X,591,Y,142,X,1,C,3,R,3,K,31,S,1,Y,4,Y,1,X,1,R,1,S,1,K,1,C,3,"L1:[sp=X,591] Y=142,X=1,C=3,R=3,K=31,S=1 || L2:[sp=Y,4] Y=1,X=1,R=1,S=1,K=1,C=3",-536383.0,-290303.0,1,X|Y,1
X,591,S,1,R,5,C,1,X,1,Y,184,K,31,Y,92,S,1,Y,1,R,1,C,1,K,9,X,1,"L1:[sp=X,591] S=1,R=5,C=1,X=1,Y=184,K=31 || L2:[sp=Y,92] S=1,Y=1,R=1,C=1,K=9,X=1",-820261.0,-592638.0,1,X|Y,1
Y,591,S,1,X,1,C,1,R,7,K,28,Y,184,X,89,S,1,Y,105,R,1,X,1,K,1,C,1,"L1:[sp=Y,591] S=1,X=1,C=1,R=7,K=28,Y=184 || L2:[sp=X,89] S=1,Y=105,R=1,X=1,K=1,C=1",-400418593.0,-296635.0,1,Y|X,1
X,591,S,1,X,144,C,3,R,5,Y,184,K,31,Y,89,S,1,Y,1,R,1,C,3,X,1,K,1,"L1:[sp=X,591] S=1,X=144,C=3,R=5,Y=184,K=31 || L2:[sp=Y,89] S=1,Y=1,R=1,C=3,X=1,K=1",-5419093.0,-200348.0,1,X|Y,1
X,591,S,1,X,1,Y,158,K,31,C,1,R,7,Y,89,S,1,Y,113,R,2,X,1,K,1,C,1,"L1:[sp=X,591] S=1,X=1,Y=158,K=31,C=1,R=7 || L2:[sp=Y,89] S=1,Y=113,R=2,X=1,K=1,C=1",-44653015.0,-299156.0,1,X|Y,1
X,591,S,1,X,1,Y,158,K,31,C,1,R,7,Y,89,S,1,Y,1,R,6,X,1,K,1,C,1,"L1:[sp=X,591] S=1,X=1,Y=158,K=31,C=1,R=7 || L2:[sp=Y,89] S=1,Y=1,R=6,X=1,K=1,C=1",-595351.0,-299156.0,1,X|Y,1
X,591,Y,184,X,1,C,3,R,3,K,8,S,1,Y,4,S,1,Y,1,R,1,X,1,K,1,C,3,"L1:[sp=X,591] Y=184,X=1,C=3,R=3,K=8,S=1 || L2:[sp=Y,4] S=1,Y=1,R=1,X=1,K=1,C=3",-536593.0,-290498.0,1,X|Y,1
X,591,S,4,C,1,Y,139,K,31,X,1,R,7,Y,89,S,1,Y,1,R,6,X,1,K,1,C,1,"L1:[sp=X,591] S=4,C=1,Y=139,K=31,X=1,R=7 || L2:[sp=Y,89] S=1,Y=1,R=6,X=1,K=1,C=1",-2371573.0,-87204.9,1,X|Y,1
X,591,Y,184,X,1,C,3,R,5,K,31,S,1,Y,4,C,3,Y,1,R,1,X,1,K,1,S,1,"L1:[sp=X,591] Y=184,X=1,C=3,R=5,K=31,S=1 || L2:[sp=Y,4] C=3,Y=1,R=1,X=1,K=1,S=1",-536341.0,-193491.0,1,X|Y,1
X,591,Y,13,X,1,C,3,S,1,K,31,R,5,Y,4,C,3,Y,1,R,1,X,1,K,1,S,1,"L1:[sp=X,591] Y=13,X=1,C=3,S=1,K=31,R=5 || L2:[sp=Y,4] C=3,Y=1,R=1,X=1,K=1,S=1",-790987.0,-194292.0,1,X|Y,1
X,591,S,1,X,1,Y,158,K,31,C,1,R,7,Y,89,S,1,Y,1,R,6,X,1,K,1,C,1,"L1:[sp=X,591] S=1,X=1,Y=158,K=31,C=1,R=7 || L2:[sp=Y,89] S=1,Y=1,R=6,X=1,K=1,C=1",-595351.0,-299156.0,1,X|Y,1
X,591,Y,184,X,1,C,3,R,3,K,31,S,1,Y,4,S,1,Y,1,R,3,X,1,K,1,C,3,"L1:[sp=X,591] Y=184,X=1,C=3,R=3,K=31,S=1 || L2:[sp=Y,4] S=1,Y=1,R=3,X=1,K=1,C=3",-701695.0,-290544.0,1,X|Y,1
X,591,S,1,X,1,Y,158,R,3,K,31,C,3,Y,4,S,1,Y,137,R,1,X,1,K,7,C,3,"L1:[sp=X,591] S=1,X=1,Y=158,R=3,K=31,C=3 || L2:[sp=Y,4] S=1,Y=137,R=1,X=1,K=7,C=3",-2618197.0,-293117.0,1,X|Y,1
X,591,S,1,Y,158,K,31,X,1,C,3,R,7,Y,89,K,7,Y,1,R,6,X,1,S,1,C,3,"L1:[sp=X,591] S=1,Y=158,K=31,X=1,C=3,R=7 || L2:[sp=Y,89] K=7,Y=1,R=6,X=1,S=1,C=3",-602848.0,-113446.0,1,X|Y,1
X,591,Y,184,X,1,C,1,R,3,K,8,S,1,Y,4,S,1,Y,71,R,3,X,1,K,1,C,1,"L1:[sp=X,591] Y=184,X=1,C=1,R=3,K=8,S=1 || L2:[sp=Y,4] S=1,Y=71,R=3,X=1,K=1,C=1",-1718641.0,-867803.0,1,X|Y,1
X,591,X,1,Y,184,C,2,R,5,K,31,S,1,Y,4,C,2,Y,1,R,2,X,1,K,1,S,1,"L1:[sp=X,591] X=1,Y=184,C=2,R=5,K=31,S=1 || L2:[sp=Y,4] C=2,Y=1,R=2,X=1,K=1,S=1",-715177.0,-385495.0,1,X|Y,1
Y,591,S,1,X,1,C,3,R,1,K,31,Y,158,X,158,S,1,Y,1,R,1,X,1,K,7,C,3,"L1:[sp=Y,591] S=1,X=1,C=3,R=1,K=31,Y=158 || L2:[sp=X,158] S=1,Y=1,R=1,X=1,K=7,C=3",-338203489.0,-691177.0,1,Y|X,1
Y,591,X,1,S,1,Y,158,K,31,C,2,R,3,Y,89,S,1,Y,1,R,1,X,1,K,1,C,1,"L1:[sp=Y,591] X=1,S=1,Y=158,K=31,C=2,R=3 || L2:[sp=Y,89] S=1,Y=1,R=1,X=1,K=1,C=1",-4243009.0,-609805.0,1,Y|Y,1
X,591,C,1,X,1,K,34,Y,158,S,1,R,7,Y,89,K,7,R,6,Y,1,X,1,S,1,C,1,"L1:[sp=X,591] C=1,X=1,K=34,Y=158,S=1,R=7 || L2:[sp=Y,89] K=7,R=6,Y=1,X=1,S=1,C=1",-631513.0,-284590.0,1,X|Y,1
X,591,C,1,X,1,Y,158,K,31,S,1,R,7,Y,89,S,1,Y,1,R,6,C,1,K,1,X,1,"L1:[sp=X,591] C=1,X=1,Y=158,K=31,S=1,R=7 || L2:[sp=Y,89] S=1,Y=1,R=6,C=1,K=1,X=1",-595351.0,-284871.0,1,X|Y,1
X,591,Y,184,X,1,C,1,R,3,K,31,S,1,Y,4,S,1,Y,1,R,3,X,1,K,1,C,1,"L1:[sp=X,591] Y=184,X=1,C=1,R=3,K=31,S=1 || L2:[sp=Y,4] S=1,Y=1,R=3,X=1,K=1,C=1",-701947.0,-867850.0,1,X|Y,1
Y,591,Y,184,X,1,C,3,R,1,K,31,S,1,Y,4,C,3,Y,1,R,1,X,1,S,1,K,1,"L1:[sp=Y,591] Y=184,X=1,C=3,R=1,K=31,S=1 || L2:[sp=Y,4] C=3,Y=1,R=1,X=1,S=1,K=1",-96972961.0,-687861.0,1,Y|Y,1
X,591,S,1,X,1,Y,43,K,21,C,2,R,3,Y,89,S,1,Y,1,R,1,X,1,K,1,C,1,"L1:[sp=X,591] S=1,X=1,Y=43,K=21,C=2,R=3 || L2:[sp=Y,89] S=1,Y=1,R=1,X=1,K=1,C=1",-1206577.0,-607022.0,1,X|Y,1
X,591,S,2,X,1,Y,142,K,31,C,1,R,7,Y,89,S,1,Y,1,R,7,X,1,K,1,C,1,"L1:[sp=X,591] S=2,X=1,Y=142,K=31,C=1,R=7 || L2:[sp=Y,89] S=1,Y=1,R=7,X=1,K=1,C=1",-1186921.0,-178776.0,1,X|Y,1
X,591,Y,191,X,1,C,3,R,3,K,31,S,1,Y,4,K,1,X,1,R,1,S,1,Y,1,C,3,"L1:[sp=X,591] Y=191,X=1,C=3,R=3,K=31,S=1 || L2:[sp=Y,4] K=1,X=1,R=1,S=1,Y=1,C=3",-545791.0,-290585.0,1,X|Y,1
X,591,S,1,Y,127,X,1,K,31,C,1,R,3,Y,89,S,1,Y,114,R,1,X,1,K,1,C,1,"L1:[sp=X,591] S=1,Y=127,X=1,K=31,C=1,R=3 || L2:[sp=Y,89] S=1,Y=114,R=1,X=1,K=1,C=1",-45053443.0,-881761.0,1,X|Y,1
K,591,K,31,X,1,Y,158,S,1,C,2,R,7,Y,89,S,1,Y,1,R,6,X,1,K,1,C,1,"L1:[sp=K,591] K=31,X=1,Y=158,S=1,C=2,R=7 || L2:[sp=Y,89] S=1,Y=1,R=6,X=1,K=1,C=1",-3068577.0,-215334.0,1,K|Y,1
X,591,Y,184,X,1,C,3,S,1,K,31,R,3,Y,4,S,1,Y,1,R,1,X,1,K,1,C,3,"L1:[sp=X,591] Y=184,X=1,C=3,S=1,K=31,R=3 || L2:[sp=Y,4] S=1,Y=1,R=1,X=1,K=1,C=3",-536383.0,-290544.0,1,X|Y,1
X,591,S,1,X,1,Y,158,K,30,C,1,R,7,Y,89,S,1,Y,1,R,6,X,1,K,1,C,1,"L1:[sp=X,591] S=1,X=1,Y=158,K=30,C=1,R=7 || L2:[sp=Y,89] S=1,Y=1,R=6,X=1,K=1,C=1",-595351.0,-299085.0,1,X|Y,1
X,591,Y,184,X,1,C,3,R,5,K,31,S,1,Y,4,C,3,Y,1,R,1,X,1,K,1,S,1,"L1:[sp=X,591] Y=184,X=1,C=3,R=5,K=31,S=1 || L2:[sp=Y,4] C=3,Y=1,R=1,X=1,K=1,S=1",-536341.0,-193491.0,1,X|Y,1
X,591,S,1,Y,28,K,31,X,145,C,3,R,7,Y,89,K,7,Y,1,C,3,X,1,S,1,R,6,"L1:[sp=X,591] S=1,Y=28,K=31,X=145,C=3,R=7 || L2:[sp=Y,89] K=7,Y=1,C=3,X=1,S=1,R=6",-11083969.0,-98699.3,1,X|Y,1
X,591,S,1,X,50,Y,158,K,31,C,1,R,7,K,31,S,1,Y,1,R,6,X,1,K,1,C,1,"L1:[sp=X,591] S=1,X=50,Y=158,K=31,C=1,R=7 || L2:[sp=K,31] S=1,Y=1,R=6,X=1,K=1,C=1",-4851127.0,-296178.0,1,X|K,1
Y,591,S,1,Y,158,K,31,X,1,C,3,R,7,X,89,K,7,Y,1,R,6,X,1,S,1,C,3,"L1:[sp=Y,591] S=1,Y=158,K=31,X=1,C=3,R=7 || L2:[sp=X,89] K=7,Y=1,R=6,X=1,S=1,C=3",-340315585.0,-108216.0,1,Y|X,1
X,591,Y,184,X,1,K,31,R,5,C,3,S,1,Y,4,C,3,Y,31,R,1,X,1,K,1,S,1,"L1:[sp=X,591] Y=184,X=1,K=31,R=5,C=3,S=1 || L2:[sp=Y,4] C=3,Y=31,R=1,X=1,K=1,S=1",-875029.0,-193491.0,1,X|Y,1
X,591,C,3,X,1,Y,158,K,31,S,1,R,7,Y,89,S,1,Y,1,R,5,C,3,K,1,X,1,"L1:[sp=X,591] C=3,X=1,Y=158,K=31,S=1,R=7 || L2:[sp=Y,89] S=1,Y=1,R=5,C=3,K=1,X=1",-593587.0,-97593.2,1,X|Y,1
X,591,Y,184,X,1,C,1,R,5,K,31,S,6,Y,4,C,1,Y,117,R,1,X,1,K,12,S,1,"L1:[sp=X,591] Y=184,X=1,C=1,R=5,K=31,S=6 || L2:[sp=Y,4] C=1,Y=117,R=1,X=1,K=12,S=1",-14240845.0,-166974.0,1,X|Y,1
X,591,S,7,K,31,Y,158,X,1,C,3,R,7,Y,89,K,7,Y,1,C,3,X,1,S,3,R,6,"L1:[sp=X,591] S=7,K=31,Y=158,X=1,C=3,R=7 || L2:[sp=Y,89] K=7,Y=1,C=3,X=1,S=3,R=6",-2866621.0,-18087.3,1,X|Y,1
X,591,Y,68,X,1,C,3,R,5,K,31,S,1,Y,4,C,3,Y,17,R,1,X,1,K,1,S,1,"L1:[sp=X,591] Y=68,X=1,C=3,R=5,K=31,S=1 || L2:[sp=Y,4] C=3,Y=17,R=1,X=1,K=1,S=1",-630505.0,-193378.0,1,X|Y,1
X,591,C,1,X,1,Y,158,K,31,S,1,R,7,Y,89,S,1,Y,1,R,6,C,1,K,1,X,1,"L1:[sp=X,591] C=1,X=1,Y=158,K=31,S=1,R=7 || L2:[sp=Y,89] S=1,Y=1,R=6,C=1,K=1,X=1",-595351.0,-284871.0,1,X|Y,1
X,591,S,1,X,1,Y,158,K,31,C,1,R,7,Y,89,Y,1,S,1,R,6,X,1,K,1,C,1,"L1:[sp=X,591] S=1,X=1,Y=158,K=31,C=1,R=7 || L2:[sp=Y,89] Y=1,S=1,R=6,X=1,K=1,C=1",-595351.0,-299156.0,1,X|Y,1
X,591,S,1,X,1,Y,158,K,31,C,1,R,3,Y,89,S,1,Y,1,R,3,X,1,K,1,C,1,"L1:[sp=X,591] S=1,X=1,Y=158,K=31,C=1,R=3 || L2:[sp=Y,89] S=1,Y=1,R=3,X=1,K=1,C=1",-769987.0,-884665.0,1,X|Y,1
X,591,C,1,X,1,K,34,Y,158,S,2,R,7,Y,89,K,7,R,6,Y,1,C,1,S,1,X,1,"L1:[sp=X,591] C=1,X=1,K=34,Y=158,S=2,R=7 || L2:[sp=Y,89] K=7,R=6,Y=1,C=1,S=1,X=1",-1260505.0,-164902.0,1,X|Y,1
X,591,S,1,X,1,C,3,R,7,K,31,Y,184,Y,4,S,1,Y,1,R,4,X,1,K,1,C,3,"L1:[sp=X,591] S=1,X=1,C=3,R=7,K=31,Y=184 || L2:[sp=Y,4] S=1,Y=1,R=4,X=1,K=1,C=3",-536299.0,-106043.0,1,X|Y,1
X,591,S,1,Y,158,K,31,X,1,C,3,R,3,Y,89,K,7,Y,1,R,1,X,1,S,1,C,3,"L1:[sp=X,591] S=1,Y=158,K=31,X=1,C=3,R=3 || L2:[sp=Y,89] K=7,Y=1,R=1,X=1,S=1,C=3",-604612.0,-310042.0,1,X|Y,1
X,591,S,1,X,1,Y,51,K,30,C,1,R,7,Y,17,S,1,Y,1,R,6,X,1,K,1,C,1,"L1:[sp=X,591] S=1,X=1,Y=51,K=30,C=1,R=7 || L2:[sp=Y,17] S=1,Y=1,R=6,X=1,K=1,C=1",-1581805.0,-295916.0,1,X|Y,1
X,591,S,1,X,1,Y,158,K,31,C,1,R,7,Y,89,S,1,Y,1,R,6,X,1,K,1,C,1,"L1:[sp=X,591] S=1,X=1,Y=158,K=31,C=1,R=7 || L2:[sp=Y,89] S=1,Y=1,R=6,X=1,K=1,C=1",-595351.0,-299156.0,1,X|Y,1
X,591,S,1,X,1,Y,12,K,30,C,1,R,3,Y,89,S,1,Y,1,C,1,X,1,K,1,R,3,"L1:[sp=X,591] S=1,X=1,Y=12,K=30,C=1,R=3 || L2:[sp=Y,89] S=1,Y=1,C=1,X=1,K=1,R=3",-4901716.0,-907100.0,1,X|Y,1
X,591,Y,191,X,1,C,3,R,3,K,31,S,1,Y,4,K,1,X,1,R,1,S,1,Y,1,C,3,"L1:[sp=X,591] Y=191,X=1,C=3,R=3,K=31,S=1 || L2:[sp=Y,4] K=1,X=1,R=1,S=1,Y=1,C=3",-545791.0,-290585.0,1,X|Y,1
Y,591,C,1,X,1,S,1,Y,158,K,34,R,7,X,89,Y,1,R,6,X,1,K,28,S,1,C,1,"L1:[sp=Y,591] C=1,X=1,S=1,Y=158,K=34,R=7 || L2:[sp=X,89] Y=1,R=6,X=1,K=28,S=1,C=1",-356026945.0,-291148.0,1,Y|X,1
X,591,Y,184,X,1,C,2,R,5,K,31,S,1,Y,4,C,2,Y,1,R,1,X,1,K,1,S,1,"L1:[sp=X,591] Y=184,X=1,C=2,R=5,K=31,S=1 || L2:[sp=Y,4] C=2,Y=1,R=1,X=1,K=1,S=1",-715177.0,-385493.0,1,X|Y,1
X,591,S,1,X,1,C,3,R,7,K,31,Y,184,Y,4,S,1,Y,1,R,4,X,1,K,1,C,3,"L1:[sp=X,591] S=1,X=1,C=3,R=7,K=31,Y=184 || L2:[sp=Y,4] S=1,Y=1,R=4,X=1,K=1,C=3",-536299.0,-106043.0,1,X|Y,1
X,591,Y,184,X,1,C,1,R,5,K,32,S,1,Y,4,C,1,Y,136,R,1,X,1,K,1,S,1,"L1:[sp=X,591] Y=184,X=1,C=1,R=5,K=32,S=1 || L2:[sp=Y,4] C=1,Y=136,R=1,X=1,K=1,S=1",-2559145.0,-576600.0,1,X|Y,1
X,591,C,3,X,1,Y,158,K,31,S,1,R,7,Y,89,S,1,Y,1,R,6,C,3,K,1,X,1,"L1:[sp=X,591] C=3,X=1,Y=158,K=31,S=1,R=7 || L2:[sp=Y,89] S=1,Y=1,R=6,C=3,K=1,X=1",-593587.0,-97593.2,1,X|Y,1
C,591,S,1,X,1,C,3,R,2,K,31,Y,184,X,3,S,1,Y,1,R,2,X,1,K,1,C,3,"L1:[sp=C,591] S=1,X=1,C=3,R=2,K=31,Y=184 || L2:[sp=X,3] S=1,Y=1,R=2,X=1,K=1,C=3",-537121537.0,-447454.0,1,C|X,1
C,591,S,1,X,1,Y,158,K,31,C,1,R,7,X,1,Y,1,S,1,R,6,X,1,K,2,C,1,"L1:[sp=C,591] S=1,X=1,Y=158,K=31,C=1,R=7 || L2:[sp=X,1] Y=1,S=1,R=6,X=1,K=2,C=1",-154551489.0,-110303.0,1,C|X,1
Y,591,Y,184,X,1,C,3,R,7,K,31,S,1,X,4,C,3,Y,1,R,5,X,1,K,1,S,1,"L1:[sp=Y,591] Y=184,X=1,C=3,R=7,K=31,S=1 || L2:[sp=X,4] C=3,Y=1,R=5,X=1,K=1,S=1",-391979617.0,-107471.0,1,Y|X,1
X,591,S,1,X,1,Y,158,K,31,C,3,R,5,Y,79,Y,1,S,1,R,1,C,3,K,1,X,1,"L1:[sp=X,591] S=1,X=1,Y=158,K=31,C=3,R=5 || L2:[sp=Y,79] Y=1,S=1,R=1,C=3,K=1,X=1",-716605.0,-201212.0,1,X|Y,1
Y,591,Y,123,X,1,C,3,R,3,K,31,S,1,X,4,K,1,X,1,R,1,S,1,Y,1,C,3,"L1:[sp=Y,591] Y=123,X=1,C=3,R=3,K=31,S=1 || L2:[sp=X,4] K=1,X=1,R=1,S=1,Y=1,C=3",-263438113.0,-306570.0,1,Y|X,1
K,591,S,1,X,1,Y,159,K,31,C,1,R,7,Y,3,Y,1,S,1,R,6,X,1,K,1,C,1,"L1:[sp=K,591] S=1,X=1,Y=159,K=31,C=1,R=7 || L2:[sp=Y,3] Y=1,S=1,R=6,X=1,K=1,C=1",-80650081.0,-300282.0,1,K|Y,1
X,591,C,3,X,1,Y,184,K,31,S,1,R,7,Y,89,S,1,Y,1,R,5,C,2,K,1,X,1,"L1:[sp=X,591] C=3,X=1,Y=184,K=31,S=1,R=7 || L2:[sp=Y,89] S=1,Y=1,R=5,C=2,K=1,X=1",-791155.0,-97742.8,1,X|Y,1
X,591,Y,158,X,1,C,3,R,5,K,31,S,1,Y,4,C,3,Y,1,R,1,X,1,K,4,S,1,"L1:[sp=X,591] Y=158,X=1,C=3,R=5,K=31,S=1 || L2:[sp=Y,4] C=3,Y=1,R=1,X=1,K=4,S=1",-554275.0,-193342.0,1,X|Y,1
Y,591,S,1,X,1,Y,158,K,22,C,1,R,7,Y,89,Y,1,S,1,R,6,X,1,K,1,C,1,"L1:[sp=Y,591] S=1,X=1,Y=158,K=22,C=1,R=7 || L2:[sp=Y,89] Y=1,S=1,R=6,X=1,K=1,C=1",-4228897.0,-300634.0,1,Y|Y,1
X,591,C,1,X,201,Y,158,K,31,S,1,R,7,Y,89,S,1,Y,1,R,6,C,1,K,17,X,1,"L1:[sp=X,591] C=1,X=201,Y=158,K=31,S=1,R=7 || L2:[sp=Y,89] S=1,Y=1,R=6,C=1,K=17,X=1",-6736843.0,-282642.0,1,X|Y,1
K,591,C,3,X,1,Y,158,K,31,S,1,R,7,Y,89,S,1,Y,1,R,5,C,3,K,1,X,1,"L1:[sp=K,591] C=3,X=1,Y=158,K=31,S=1,R=7 || L2:[sp=Y,89] S=1,Y=1,R=5,C=3,K=1,X=1",-3065441.0,-110719.0,1,K|Y,1
X,591,Y,178,K,31,R,3,C,3,X,1,S,1,Y,4,K,1,X,1,R,1,S,1,Y,161,C,3,"L1:[sp=X,591] Y=178,K=31,R=3,C=3,X=1,S=1 || L2:[sp=Y,4] K=1,X=1,R=1,S=1,Y=161,C=3",-3029503.0,-290510.0,1,X|Y,1
X,591,Y,191,X,1,C,3,R,3,K,31,S,1,Y,4,K,1,X,1,R,1,S,1,Y,1,C,3,"L1:[sp=X,591] Y=191,X=1,C=3,R=3,K=31,S=1 || L2:[sp=Y,4] K=1,X=1,R=1,S=1,Y=1,C=3",-545791.0,-290585.0,1,X|Y,1
X,591,C,1,X,1,Y,158,K,31,S,1,R,7,Y,89,S,1,Y,1,R,7,C,1,K,1,X,1,"L1:[sp=X,591] C=1,X=1,Y=158,K=31,S=1,R=7 || L2:[sp=Y,89] S=1,Y=1,R=7,C=1,K=1,X=1",-595351.0,-284871.0,1,X|Y,1
X,591,Y,184,X,1,C,3,R,5,K,31,S,1,Y,4,C,3,Y,1,R,1,X,1,K,1,S,1,"L1:[sp=X,591] Y=184,X=1,C=3,R=5,K=31,S=1 || L2:[sp=Y,4] C=3,Y=1,R=1,X=1,K=1,S=1",-536341.0,-193491.0,1,X|Y,1
X,591,R,7,X,1,C,3,S,1,K,31,Y,184,Y,4,S,1,Y,170,R,4,X,1,K,1,C,3,"L1:[sp=X,591] R=7,X=1,C=3,S=1,K=31,Y=184 || L2:[sp=Y,4] S=1,Y=170,R=4,X=1,K=1,C=3",-3198763.0,-106043.0,1,X|Y,1
X,591,S,1,X,1,C,3,Y,184,K,31,R,7,Y,4,X,1,Y,1,R,6,S,1,K,1,C,3,"L1:[sp=X,591] S=1,X=1,C=3,Y=184,K=31,R=7 || L2:[sp=Y,4] X=1,Y=1,R=6,S=1,K=1,C=3",-620971.0,-98672.4,1,X|Y,1
X,591,S,1,X,115,Y,158,K,37,C,1,R,7,Y,89,S,1,Y,1,R,2,X,1,K,1,C,1,"L1:[sp=X,591] S=1,X=115,Y=158,K=37,C=1,R=7 || L2:[sp=Y,89] S=1,Y=1,R=2,X=1,K=1,C=1",-3245845.0,-291750.0,1,X|Y,1
X,591,S,1,X,1,C,3,R,7,K,31,Y,184,Y,4,S,1,Y,1,R,4,X,1,K,1,C,3,"L1:[sp=X,591] S=1,X=1,C=3,R=7,K=31,Y=184 || L2:[sp=Y,4] S=1,Y=1,R=4,X=1,K=1,C=3",-536299.0,-106043.0,1,X|Y,1
X,591,C,3,X,1,Y,158,K,31,S,1,R,7,Y,158,S,1,Y,1,R,6,C,3,K,1,X,1,"L1:[sp=X,591] C=3,X=1,Y=158,K=31,S=1,R=7 || L2:[sp=Y,158] S=1,Y=1,R=6,C=3,K=1,X=1",-4649149.0,-99488.0,1,X|Y,1
C,591,Y,158,X,1,C,3,R,5,K,31,S,1,K,1,C,3,Y,1,R,1,X,1,K,4,S,1,"L1:[sp=C,591] Y=158,X=1,C=3,R=5,K=31,S=1 || L2:[sp=K,1] C=3,Y=1,R=1,X=1,K=4,S=1",-488011777.0,-229750.0,1,C|K,1
X,591,Y,209,X,1,C,3,R,5,K,31,S,1,Y,4,C,3,Y,1,R,1,X,1,K,4,S,1,"L1:[sp=X,591] Y=209,X=1,C=3,R=5,K=31,S=1 || L2:[sp=Y,4] C=3,Y=1,R=1,X=1,K=4,S=1",-554275.0,-193634.0,1,X|Y,1
X,591,S,1,X,1,Y,158,K,31,C,3,R,5,Y,79,Y,1,S,1,R,1,C,3,K,1,X,1,"L1:[sp=X,591] S=1,X=1,Y=158,K=31,C=3,R=5 || L2:[sp=Y,79] Y=1,S=1,R=1,C=3,K=1,X=1",-716605.0,-201212.0,1,X|Y,1
X,591,S,1,X,1,C,3,Y,191,K,31,R,5,Y,4,K,1,X,1,R,1,S,1,Y,1,C,3,"L1:[sp=X,591] S=1,X=1,C=3,Y=191,K=31,R=5 || L2:[sp=Y,4] K=1,X=1,R=1,S=1,Y=1,C=3",-545749.0,-196818.0,1,X|Y,1
X,591,Y,184,X,1,C,3,R,3,K,31,S,1,Y,4,Y,1,C,3,R,1,X,1,K,1,S,1,"L1:[sp=X,591] Y=184,X=1,C=3,R=3,K=31,S=1 || L2:[sp=Y,4] Y=1,C=3,R=1,X=1,K=1,S=1",-536383.0,-290544.0,1,X|Y,1
X,591,C,1,X,1,Y,158,K,31,S,1,R,7,Y,89,S,1,Y,1,R,7,C,1,K,1,X,1,"L1:[sp=X,591] C=1,X=1,Y=158,K=31,S=1,R=7 || L2:[sp=Y,89] S=1,Y=1,R=7,C=1,K=1,X=1",-595351.0,-284871.0,1,X|Y,1
X,591,C,3,X,1,Y,158,K,52,S,1,R,7,Y,89,S,1,Y,1,R,6,C,3,K,1,X,1,"L1:[sp=X,591] C=3,X=1,Y=158,K=52,S=1,R=7 || L2:[sp=Y,89] S=1,Y=1,R=6,C=3,K=1,X=1",-593293.0,-97806.5,1,X|Y,1
X,591,Y,184,X,1,C,1,R,5,K,31,S,1,Y,4,C,1,Y,73,R,1,X,1,K,1,S,1,"L1:[sp=X,591] Y=184,X=1,C=1,R=5,K=31,S=1 || L2:[sp=Y,4] C=1,Y=73,R=1,X=1,K=1,S=1",-1373821.0,-576652.0,1,X|Y,1
Y,591,C,3,X,1,Y,158,K,31,S,6,R,7,X,89,S,1,Y,1,R,4,C,3,K,1,X,1,"L1:[sp=Y,591] C=3,X=1,Y=158,K=31,S=6,R=7 || L2:[sp=X,89] S=1,Y=1,R=4,C=3,K=1,X=1",-331717987.0,-45810.0,1,Y|X,1
X,591,C,2,X,1,Y,158,K,31,S,1,R,7,Y,89,S,1,Y,1,R,6,C,2,K,1,X,1,"L1:[sp=X,591] C=2,X=1,Y=158,K=31,S=1,R=7 || L2:[sp=Y,89] S=1,Y=1,R=6,C=2,K=1,X=1",-792037.0,-192322.0,1,X|Y,1
X,591,Y,158,X,99,C,3,R,5,K,31,S,1,Y,4,C,3,Y,1,R,1,X,1,K,4,S,1,"L1:[sp=X,591] Y=158,X=99,C=3,R=5,K=31,S=1 || L2:[sp=Y,4] C=3,Y=1,R=1,X=1,K=4,S=1",-54864895.0,-193344.0,1,X|Y,1
X,591,Y,212,X,1,C,3,R,5,K,31,S,1,Y,4,C,3,Y,1,S,1,X,1,K,4,R,1,"L1:[sp=X,591] Y=212,X=1,C=3,R=5,K=31,S=1 || L2:[sp=Y,4] C=3,Y=1,S=1,X=1,K=4,R=1",-544720.0,-193651.0,1,X|Y,1
X,591,S,1,X,1,C,3,R,7,K,31,Y,184,Y,4,S,1,Y,1,R,4,X,1,K,1,C,3,"L1:[sp=X,591] S=1,X=1,C=3,R=7,K=31,Y=184 || L2:[sp=Y,4] S=1,Y=1,R=4,X=1,K=1,C=3",-536299.0,-106043.0,1,X|Y,1
X,591,Y,184,X,1,C,3,R,5,K,31,S,6,Y,4,C,3,Y,90,R,1,X,1,K,1,S,1,"L1:[sp=X,591] Y=184,X=1,C=3,R=5,K=31,S=6 || L2:[sp=Y,4] C=3,Y=90,R=1,X=1,K=1,S=1",-10160665.0,-58171.7,1,X|Y,1
C,591,S,7,X,1,Y,158,K,31,C,3,R,5,Y,79,Y,1,S,1,K,1,C,3,R,1,X,1,"L1:[sp=C,591] S=7,X=1,Y=158,K=31,C=3,R=5 || L2:[sp=Y,79] Y=1,S=1,K=1,C=3,R=1,X=1",-57429049.0,-63976.1,1,C|Y,1
X,591,S,1,X,1,C,3,R,1,K,19,Y,184,Y,4,C,3,Y,1,R,1,X,1,K,1,S,1,"L1:[sp=X,591] S=1,X=1,C=3,R=1,K=19,Y=184 || L2:[sp=Y,4] C=3,Y=1,R=1,X=1,K=1,S=1",-527241.0,-778508.0,1,X|Y,1
Y,591,C,3,X,1,Y,158,K,31,S,1,R,7,Y,89,S,1,Y,1,R,6,C,3,K,1,X,1,"L1:[sp=Y,591] C=3,X=1,Y=158,K=31,S=1,R=7 || L2:[sp=Y,89] S=1,Y=1,R=6,C=3,K=1,X=1",-4219489.0,-107454.0,1,Y|Y,1
X,591,S,1,X,1,C,3,R,7,K,31,Y,184,Y,4,S,1,Y,1,R,4,X,1,K,1,C,3,"L1:[sp=X,591] S=1,X=1,C=3,R=7,K=31,Y=184 || L2:[sp=Y,4] S=1,Y=1,R=4,X=1,K=1,C=3",-536299.0,-106043.0,1,X|Y,1
X,591,C,1,X,1,Y,158,K,31,S,1,R,7,C,1,S,1,Y,1,R,7,C,1,K,1,X,1,"L1:[sp=X,591] C=1,X=1,Y=158,K=31,S=1,R=7 || L2:[sp=C,1] S=1,Y=1,R=7,C=1,K=1,X=1",-2051071.0,-282641.0,1,X|C,1
X,591,S,1,X,1,C,3,R,1,K,19,Y,184,Y,4,C,3,Y,1,R,1,X,1,K,1,S,1,"L1:[sp=X,591] S=1,X=1,C=3,R=1,K=19,Y=184 || L2:[sp=Y,4] C=3,Y=1,R=1,X=1,K=1,S=1",-527241.0,-778508.0,1,X|Y,1
X,591,Y,31,X,1,C,3,R,5,K,31,S,1,Y,4,C,3,Y,1,S,1,X,1,K,4,R,1,"L1:[sp=X,591] Y=31,X=1,C=3,R=5,K=31,S=1 || L2:[sp=Y,4] C=3,Y=1,S=1,X=1,K=4,R=1",-621412.0,-193635.0,1,X|Y,1
X,591,S,1,C,1,X,1,R,1,K,19,Y,67,Y,4,C,1,Y,1,R,1,X,1,K,1,S,1,"L1:[sp=X,591] S=1,C=1,X=1,R=1,K=19,Y=67 || L2:[sp=Y,4] C=1,Y=1,R=1,X=1,K=1,S=1",-538609.0,-2135550.0,1,X|Y,1
X,591,C,1,X,1,Y,158,K,31,S,1,R,7,Y,89,S,1,Y,1,R,7,C,1,K,31,X,1,"L1:[sp=X,591] C=1,X=1,Y=158,K=31,S=1,R=7 || L2:[sp=Y,89] S=1,Y=1,R=7,C=1,K=31,X=1",-863920.0,-284871.0,1,X|Y,1
X,591,C,3,X,1,Y,158,K,52,S,1,R,7,Y,89,S,1,Y,1,R,6,C,3,K,1,X,1,"L1:[sp=X,591] C=3,X=1,Y=158,K=52,S=1,R=7 || L2:[sp=Y,89] S=1,Y=1,R=6,C=3,K=1,X=1",-593293.0,-97806.5,1,X|Y,1
X,591,C,1,X,1,Y,212,K,2,S,5,R,7,Y,89,S,1,C,1,R,5,Y,1,K,1,X,1,"L1:[sp=X,591] C=1,X=1,Y=212,K=2,S=5,R=7 || L2:[sp=Y,89] S=1,C=1,R=5,Y=1,K=1,X=1",-3770881.0,-87778.4,1,X|Y,1
X,591,Y,158,X,1,C,3,R,5,K,31,S,1,Y,4,C,3,Y,1,S,1,X,1,K,4,R,1,"L1:[sp=X,591] Y=158,X=1,C=3,R=5,K=31,S=1 || L2:[sp=Y,4] C=3,Y=1,S=1,X=1,K=4,R=1",-554275.0,-193342.0,1,X|Y,1
X,591,S,1,X,67,C,3,R,3,K,19,Y,184,Y,4,C,3,Y,1,R,1,X,1,K,14,S,1,"L1:[sp=X,591] S=1,X=67,C=3,R=3,K=19,Y=184 || L2:[sp=Y,4] C=3,Y=1,R=1,X=1,K=14,S=1",-34806535.0,-334387.0,1,X|Y,1
X,591,Y,212,X,1,C,3,R,5,K,31,S,4,Y,212,C,3,Y,1,S,1,X,1,K,4,R,1,"L1:[sp=X,591] Y=212,X=1,C=3,R=5,K=31,S=4 || L2:[sp=Y,212] C=3,Y=1,S=1,X=1,K=4,R=1",-6422305.0,-67419.0,1,X|Y,1
X,591,C,3,X,1,Y,158,K,25,S,1,R,7,Y,89,S,1,Y,1,R,3,C,3,K,1,X,1,"L1:[sp=X,591] C=3,X=1,Y=158,K=25,S=1,R=7 || L2:[sp=Y,89] S=1,Y=1,R=3,C=3,K=1,X=1",-593587.0,-97139.6,1,X|Y,1
Y,591,Y,209,X,17,C,3,R,5,K,31,S,1,X,4,C,1,Y,1,R,1,X,1,K,4,S,1,"L1:[sp=Y,591] Y=209,X=17,C=3,R=5,K=31,S=1 || L2:[sp=X,4] C=1,Y=1,R=1,X=1,K=4,S=1",-134324779.0,-194099.0,1,Y|X,1
Y,591,C,3,X,1,Y,158,K,52,S,1,R,1,X,89,S,1,Y,1,R,1,C,3,K,1,X,1,"L1:[sp=Y,591] C=3,X=1,Y=158,K=52,S=1,R=1 || L2:[sp=X,89] S=1,Y=1,R=1,C=3,K=1,X=1",-332989889.0,-689351.0,1,Y|X,1
X,591,S,1,X,1,C,3,R,1,K,19,Y,184,Y,4,X,1,Y,1,R,1,C,2,K,1,S,1,"L1:[sp=X,591] S=1,X=1,C=3,R=1,K=19,Y=184 || L2:[sp=Y,4] X=1,Y=1,R=1,C=2,K=1,S=1",-527241.0,-778508.0,1,X|Y,1
X,591,Y,205,X,1,C,3,R,3,K,31,S,1,Y,4,Y,1,C,3,R,1,X,1,K,1,S,1,"L1:[sp=X,591] Y=205,X=1,C=3,R=3,K=31,S=1 || L2:[sp=Y,4] Y=1,C=3,R=1,X=1,K=1,S=1",-536383.0,-290665.0,1,X|Y,1
X,591,C,1,X,1,Y,158,K,31,S,1,R,7,Y,89,S,1,Y,1,R,7,C,1,K,1,X,1,"L1:[sp=X,591] C=1,X=1,Y=158,K=31,S=1,R=7 || L2:[sp=Y,89] S=1,Y=1,R=7,C=1,K=1,X=1",-595351.0,-284871.0,1,X|Y,1
Y,591,Y,209,X,1,C,3,R,5,K,31,S,1,Y,4,C,3,Y,1,R,1,X,1,K,4,S,1,"L1:[sp=Y,591] Y=209,X=1,C=3,R=5,K=31,S=1 || L2:[sp=Y,4] C=3,Y=1,R=1,X=1,K=4,S=1",-115586689.0,-211195.0,1,Y|Y,1
X,591,Y,158,X,1,C,3,K,52,S,1,R,7,Y,89,S,1,Y,1,R,6,C,3,K,1,X,1,"L1:[sp=X,591] Y=158,X=1,C=3,K=52,S=1,R=7 || L2:[sp=Y,89] S=1,Y=1,R=6,C=3,K=1,X=1",-593293.0,-97823.7,1,X|Y,1
X,591,C,3,X,1,S,1,K,31,R,7,Y,5,X,1,S,1,Y,1,R,4,X,1,K,1,C,3,"L1:[sp=X,591] C=3,X=1,S=1,K=31,R=7,Y=5 || L2:[sp=X,1] S=1,Y=1,R=4,X=1,K=1,C=3",-3293725.0,-107400.0,1,X|X,1
Y,591,C,3,X,1,Y,158,K,52,S,1,R,7,X,89,S,1,Y,1,R,6,C,3,K,1,X,1,"L1:[sp=Y,591] C=3,X=1,Y=158,K=52,S=1,R=7 || L2:[sp=X,89] S=1,Y=1,R=6,C=3,K=1,X=1",-335078465.0,-108584.0,1,Y|X,1
X,591,Y,212,X,1,C,3,R,5,K,31,S,1,Y,4,C,3,Y,1,S,1,X,1,K,4,R,1,"L1:[sp=X,591] Y=212,X=1,C=3,R=5,K=31,S=1 || L2:[sp=Y,4] C=3,Y=1,S=1,X=1,K=4,R=1",-544720.0,-193651.0,1,X|Y,1
X,591,S,1,X,1,C,3,R,1,K,19,Y,184,Y,4,C,3,Y,1,R,1,X,1,K,1,S,1,"L1:[sp=X,591] S=1,X=1,C=3,R=1,K=19,Y=184 || L2:[sp=Y,4] C=3,Y=1,R=1,X=1,K=1,S=1",-527241.0,-778508.0,1,X|Y,1
X,591,Y,158,X,1,C,3,S,1,K,31,R,5,Y,4,C,3,Y,1,S,1,X,1,K,4,R,4,"L1:[sp=X,591] Y=158,X=1,C=3,S=1,K=31,R=5 || L2:[sp=Y,4] C=3,Y=1,S=1,X=1,K=4,R=4",-458725.0,-193342.0,1,X|Y,1
X,591,S,1,X,1,C,3,R,5,K,19,Y,184,Y,4,X,1,Y,1,R,1,C,2,K,1,S,1,"L1:[sp=X,591] S=1,X=1,C=3,R=5,K=19,Y=184 || L2:[sp=Y,4] X=1,Y=1,R=1,C=2,K=1,S=1",-536369.0,-222505.0,1,X|Y,1
X,591,S,1,X,1,C,3,R,1,K,19,Y,184,Y,4,X,1,Y,4,R,1,C,2,K,17,S,1,"L1:[sp=X,591] S=1,X=1,C=3,R=1,K=19,Y=184 || L2:[sp=Y,4] X=1,Y=4,R=1,C=2,K=17,S=1",-520773.0,-778508.0,1,X|Y,1
X,591,S,1,C,1,X,1,R,1,K,19,Y,67,Y,4,C,1,Y,1,R,1,X,1,K,1,S,1,"L1:[sp=X,591] S=1,C=1,X=1,R=1,K=19,Y=67 || L2:[sp=Y,4] C=1,Y=1,R=1,X=1,K=1,S=1",-538609.0,-2135550.0,1,X|Y,1
X,591,Y,205,X,216,C,3,R,3,K,31,S,1,Y,4,Y,1,C,3,R,1,X,1,K,1,S,1,"L1:[sp=X,591] Y=205,X=216,C=3,R=3,K=31,S=1 || L2:[sp=Y,4] Y=1,C=3,R=1,X=1,K=1,S=1",-115831423.0,-290668.0,1,X|Y,1
X,591,S,1,X,1,C,3,R,1,K,19,Y,184,Y,4,R,1,Y,1,X,1,C,2,K,17,S,1,"L1:[sp=X,591] S=1,X=1,C=3,R=1,K=19,Y=184 || L2:[sp=Y,4] R=1,Y=1,X=1,C=2,K=17,S=1",-486081.0,-778508.0,1,X|Y,1
X,591,S,1,C,1,K,19,R,1,X,1,Y,184,Y,4,C,1,Y,1,R,1,X,1,K,1,S,1,"L1:[sp=X,591] S=1,C=1,K=19,R=1,X=1,Y=184 || L2:[sp=Y,4] C=1,Y=1,R=1,X=1,K=1,S=1",-528025.0,-2127640.0,1,X|Y,1
X,591,S,1,X,1,C,3,R,1,K,19,Y,75,Y,4,C,3,Y,1,R,1,X,1,K,1,S,1,"L1:[sp=X,591] S=1,X=1,C=3,R=1,K=19,Y=75 || L2:[sp=Y,4] C=3,Y=1,R=1,X=1,K=1,S=1",-536845.0,-759027.0,1,X|Y,1
X,591,Y,212,X,1,C,3,R,7,K,31,S,1,K,31,Y,1,C,3,R,1,X,1,K,1,S,1,"L1:[sp=X,591] Y=212,X=1,C=3,R=7,K=31,S=1 || L2:[sp=K,31] Y=1,C=3,R=1,X=1,K=1,S=1",-710305.0,-96360.7,1,X|K,1
Y,591,Y,205,X,1,C,3,R,5,K,31,S,1,Y,4,C,3,Y,1,S,1,X,1,K,4,R,1,"L1:[sp=Y,591] Y=205,X=1,C=3,R=5,K=31,S=1 || L2:[sp=Y,4] C=3,Y=1,S=1,X=1,K=4,R=1",-113446369.0,-211195.0,1,Y|Y,1
X,591,Y,205,X,222,C,3,R,3,K,31,S,1,Y,4,Y,1,C,3,R,1,X,1,K,1,S,1,"L1:[sp=X,591] Y=205,X=222,C=3,R=3,K=31,S=1 || L2:[sp=Y,4] Y=1,C=3,R=1,X=1,K=1,S=1",-119048959.0,-290668.0,1,X|Y,1
X,591,Y,212,X,1,C,3,R,5,K,31,S,1,K,31,C,3,Y,1,S,1,X,1,K,4,R,1,"L1:[sp=X,591] Y=212,X=1,C=3,R=5,K=31,S=1 || L2:[sp=K,31] C=3,Y=1,S=1,X=1,K=4,R=1",-2815933.0,-194645.0,1,X|K,1
C,591,S,1,K,19,X,1,R,1,C,1,Y,67,Y,4,C,1,Y,1,R,1,X,1,K,1,S,1,"L1:[sp=C,591] S=1,K=19,X=1,R=1,C=1,Y=67 || L2:[sp=Y,4] C=1,Y=1,R=1,X=1,K=1,S=1",-40216065.0,-797223.0,1,C|Y,1
X,591,Y,205,X,1,C,3,R,3,K,31,S,1,Y,4,Y,1,C,3,R,1,X,1,K,1,S,1,"L1:[sp=X,591] Y=205,X=1,C=3,R=3,K=31,S=1 || L2:[sp=Y,4] Y=1,C=3,R=1,X=1,K=1,S=1",-536383.0,-290665.0,1,X|Y,1
X,591,S,1,X,1,C,3,R,1,K,19,Y,184,Y,4,C,3,Y,1,R,1,X,1,K,5,S,1,"L1:[sp=X,591] S=1,X=1,C=3,R=1,K=19,Y=184 || L2:[sp=Y,4] C=3,Y=1,R=1,X=1,K=5,S=1",-543705.0,-778508.0,1,X|Y,1
Y,591,C,3,X,1,Y,158,K,52,S,1,R,7,X,89,S,1,Y,1,R,6,C,3,K,1,X,1,"L1:[sp=Y,591] C=3,X=1,Y=158,K=52,S=1,R=7 || L2:[sp=X,89] S=1,Y=1,R=6,C=3,K=1,X=1",-335078465.0,-108584.0,1,Y|X,1
X,591,Y,150,X,1,C,1,R,5,K,31,S,1,Y,4,C,1,Y,1,S,1,X,1,K,20,R,1,"L1:[sp=X,591] Y=150,X=1,C=1,R=5,K=31,S=1 || L2:[sp=Y,4] C=1,Y=1,S=1,X=1,K=20,R=1",-622651.0,-576456.0,1,X|Y,1
X,591,S,1,C,3,X,1,R,1,K,19,Y,73,Y,4,C,3,Y,1,R,1,X,1,K,1,S,1,"L1:[sp=X,591] S=1,C=3,X=1,R=1,K=19,Y=73 || L2:[sp=Y,4] C=3,Y=1,R=1,X=1,K=1,S=1",-555857.0,-797921.0,1,X|Y,1
X,591,Y,158,X,1,C,3,R,5,K,31,S,1,Y,4,C,3,Y,1,X,1,S,1,K,4,R,1,"L1:[sp=X,591] Y=158,X=1,C=3,R=5,K=31,S=1 || L2:[sp=Y,4] C=3,Y=1,X=1,S=1,K=4,R=1",-554275.0,-193342.0,1,X|Y,1
Y,591,Y,212,X,1,S,1,R,5,K,31,C,3,Y,4,C,2,Y,1,S,1,X,1,K,11,R,1,"L1:[sp=Y,591] Y=212,X=1,S=1,R=5,K=31,C=3 || L2:[sp=Y,4] C=2,Y=1,S=1,X=1,K=11,R=1",-126255361.0,-211195.0,1,Y|Y,1
X,591,Y,158,X,1,C,3,S,1,K,31,R,5,Y,4,C,3,Y,1,S,1,X,1,K,4,R,4,"L1:[sp=X,591] Y=158,X=1,C=3,S=1,K=31,R=5 || L2:[sp=Y,4] C=3,Y=1,S=1,X=1,K=4,R=4",-458725.0,-193342.0,1,X|Y,1
Y,591,S,1,X,1,C,3,R,1,K,19,Y,75,X,4,C,3,Y,1,R,1,X,1,K,16,S,1,"L1:[sp=Y,591] S=1,X=1,C=3,R=1,K=19,Y=75 || L2:[sp=X,4] C=3,Y=1,R=1,X=1,K=16,S=1",-148219905.0,-689022.0,1,Y|X,1
X,591,Y,205,X,1,C,3,R,3,K,31,S,1,Y,4,Y,1,R,1,C,3,X,1,K,25,S,1,"L1:[sp=X,591] Y=205,X=1,C=3,R=3,K=31,S=1 || L2:[sp=Y,4] Y=1,R=1,C=3,X=1,K=25,S=1",-569899.0,-290665.0,1,X|Y,1
X,591,S,1,X,1,C,1,R,1,K,19,Y,184,Y,4,X,1,Y,4,R,1,C,1,K,17,S,1,"L1:[sp=X,591] S=1,X=1,C=1,R=1,K=19,Y=184 || L2:[sp=Y,4] X=1,Y=4,R=1,C=1,K=17,S=1",-521557.0,-2127650.0,1,X|Y,1
Y,591,S,1,X,72,C,3,R,1,K,19,Y,184,X,4,C,3,Y,1,R,1,X,1,K,1,S,1,"L1:[sp=Y,591] S=1,X=72,C=3,R=1,K=19,Y=184 || L2:[sp=X,4] C=3,Y=1,R=1,X=1,K=1,S=1",-96940817.0,-678940.0,1,Y|X,1
Y,591,S,1,X,1,C,3,R,2,K,20,Y,184,X,4,X,1,Y,4,R,1,C,2,K,17,S,1,"L1:[sp=Y,591] S=1,X=1,C=3,R=2,K=20,Y=184 || L2:[sp=X,4] X=1,Y=4,R=1,C=2,K=17,S=1",-383800929.0,-402127.0,1,Y|X,1
X,591,S,4,X,1,C,3,R,1,K,41,Y,184,Y,4,C,3,Y,1,R,1,X,1,K,1,S,1,"L1:[sp=X,591] S=4,X=1,C=3,R=1,K=41,Y=184 || L2:[sp=Y,4] C=3,Y=1,R=1,X=1,K=1,S=1",-2107449.0,-251170.0,1,X|Y,1
X,591,S,1,X,1,C,3,K,19,R,1,Y,75,Y,4,X,1,Y,1,R,1,C,2,K,17,S,1,"L1:[sp=X,591] S=1,X=1,C=3,K=19,R=1,Y=75 || L2:[sp=Y,4] X=1,Y=1,R=1,C=2,K=17,S=1",-494950.0,-759027.0,1,X|Y,1
X,591,S,1,X,209,C,3,R,1,K,19,Y,184,X,1,C,3,Y,152,R,1,X,1,K,1,S,1,"L1:[sp=X,591] S=1,X=209,C=3,R=1,K=19,Y=184 || L2:[sp=X,1] C=3,Y=152,R=1,X=1,K=1,S=1",-424715145.0,-778508.0,1,X|X,1
X,591,S,1,C,1,K,19,R,1,X,1,Y,184,Y,4,R,1,Y,99,C,1,X,1,K,1,S,1,"L1:[sp=X,591] S=1,C=1,K=19,R=1,X=1,Y=184 || L2:[sp=Y,4] R=1,Y=99,C=1,X=1,K=1,S=1",-1863961.0,-2127640.0,1,X|Y,1
X,591,S,1,X,1,R,1,C,3,K,19,Y,149,Y,4,C,3,Y,1,X,1,R,1,K,1,S,1,"L1:[sp=X,591] S=1,X=1,R=1,C=3,K=19,Y=149 || L2:[sp=Y,4] C=3,Y=1,X=1,R=1,K=1,S=1",-536649.0,-758676.0,1,X|Y,1
C,591,Y,205,X,1,C,3,R,3,K,31,S,7,Y,4,Y,1,C,3,R,1,X,1,K,1,S,1,"L1:[sp=C,591] Y=205,X=1,C=3,R=3,K=31,S=7 || L2:[sp=Y,4] Y=1,C=3,R=1,X=1,K=1,S=1",-818330581.0,-71172.4,1,C|Y,1
X,591,S,6,X,1,C,3,R,1,K,19,Y,75,Y,4,C,3,Y,1,R,1,X,1,K,1,S,1,"L1:[sp=X,591] S=6,X=1,C=3,R=1,K=19,Y=75 || L2:[sp=Y,4] C=3,Y=1,R=1,X=1,K=1,S=1",-3217705.0,-331902.0,1,X|Y,1
X,591,S,1,X,1,C,3,R,1,K,19,Y,205,Y,4,X,1,Y,1,R,1,K,17,C,2,S,1,"L1:[sp=X,591] S=1,X=1,C=3,R=1,K=19,Y=205 || L2:[sp=Y,4] X=1,Y=1,R=1,K=17,C=2,S=1",-494754.0,-790408.0,1,X|Y,1
X,591,Y,184,X,1,C,3,R,3,K,31,S,1,Y,4,Y,4,C,3,R,1,S,1,K,1,X,1,"L1:[sp=X,591] Y=184,X=1,C=3,R=3,K=31,S=1 || L2:[sp=Y,4] Y=4,C=3,R=1,S=1,K=1,X=1",-564607.0,-290544.0,1,X|Y,1
X,591,S,1,X,25,C,3,R,1,K,19,Y,145,Y,4,C,3,Y,1,R,1,X,1,K,1,S,1,"L1:[sp=X,591] S=1,X=25,C=3,R=1,K=19,Y=145 || L2:[sp=Y,4] C=3,Y=1,R=1,X=1,K=1,S=1",-13406793.0,-756409.0,1,X|Y,1
X,591,Y,205,X,1,C,3,R,3,K,31,S,1,Y,4,Y,1,C,3,R,1,X,1,K,1,S,1,"L1:[sp=X,591] Y=205,X=1,C=3,R=3,K=31,S=1 || L2:[sp=Y,4] Y=1,C=3,R=1,X=1,K=1,S=1",-536383.0,-290665.0,1,X|Y,1
X,591,Y,205,X,1,C,3,R,3,K,31,S,1,Y,4,Y,1,C,2,R,1,X,1,K,1,S,1,"L1:[sp=X,591] Y=205,X=1,C=3,R=3,K=31,S=1 || L2:[sp=Y,4] Y=1,C=2,R=1,X=1,K=1,S=1",-536383.0,-290665.0,1,X|Y,1
X,591,S,4,X,1,C,3,R,1,K,19,Y,75,Y,4,C,3,K,1,R,1,X,1,Y,1,S,1,"L1:[sp=X,591] S=4,X=1,C=3,R=1,K=19,Y=75 || L2:[sp=Y,4] C=3,K=1,R=1,X=1,Y=1,S=1",-2145193.0,-286797.0,1,X|Y,1
X,591,S,1,X,1,C,3,R,2,K,19,Y,75,Y,4,C,3,Y,58,K,1,X,1,R,1,S,1,"L1:[sp=X,591] S=1,X=1,C=3,R=2,K=19,Y=75 || L2:[sp=Y,4] C=3,Y=58,K=1,X=1,R=1,S=1",-1637329.0,-434146.0,1,X|Y,1
X,591,S,1,X,1,C,3,R,1,K,19,Y,184,Y,4,R,1,Y,1,X,1,C,2,K,17,S,1,"L1:[sp=X,591] S=1,X=1,C=3,R=1,K=19,Y=184 || L2:[sp=Y,4] R=1,Y=1,X=1,C=2,K=17,S=1",-486081.0,-778508.0,1,X|Y,1
X,591,Y,158,X,1,C,3,S,1,K,31,R,5,Y,4,C,3,Y,1,S,1,X,1,K,4,R,4,"L1:[sp=X,591] Y=158,X=1,C=3,S=1,K=31,R=5 || L2:[sp=Y,4] C=3,Y=1,S=1,X=1,K=4,R=4",-458725.0,-193342.0,1,X|Y,1
Y,591,Y,104,X,1,C,3,R,3,K,31,S,1,K,4,Y,104,C,3,R,1,X,1,K,1,S,1,"L1:[sp=Y,591] Y=104,X=1,C=3,R=3,K=31,S=1 || L2:[sp=K,4] Y=104,C=3,R=1,X=1,K=1,S=1",-59350369.0,-306575.0,1,Y|K,1
K,591,R,1,X,1,Y,131,S,1,K,19,C,3,Y,4,X,1,Y,1,K,17,R,1,C,2,S,1,"L1:[sp=K,591] R=1,X=1,Y=131,S=1,K=19,C=3 || L2:[sp=Y,4] X=1,Y=1,K=17,R=1,C=2,S=1",-35682977.0,-694932.0,1,K|Y,1
X,591,S,1,X,1,C,3,R,1,K,19,Y,184,Y,4,X,1,Y,4,R,1,C,2,K,17,S,1,"L1:[sp=X,591] S=1,X=1,C=3,R=1,K=19,Y=184 || L2:[sp=Y,4] X=1,Y=4,R=1,C=2,K=17,S=1",-520773.0,-778508.0,1,X|Y,1
Y,591,Y,205,X,37,C,1,R,3,K,31,S,6,X,4,Y,1,C,1,X,1,R,1,K,1,S,1,"L1:[sp=Y,591] Y=205,X=37,C=1,R=3,K=31,S=6 || L2:[sp=X,4] Y=1,C=1,X=1,R=1,K=1,S=1",-126584965.0,-249591.0,1,Y|X,1
X,591,S,1,X,1,C,3,R,3,K,19,Y,184,Y,4,R,1,Y,1,X,1,C,2,K,17,S,1,"L1:[sp=X,591] S=1,X=1,C=3,R=3,K=19,Y=184 || L2:[sp=Y,4] R=1,Y=1,X=1,C=2,K=17,S=1",-494530.0,-334387.0,1,X|Y,1
X,591,Y,205,X,1,C,3,R,1,K,31,S,1,Y,4,Y,1,C,3,S,1,X,1,K,1,R,1,"L1:[sp=X,591] Y=205,X=1,C=3,R=1,K=31,S=1 || L2:[sp=Y,4] Y=1,C=3,S=1,X=1,K=1,R=1",-536551.0,-675491.0,1,X|Y,1
C,591,Y,158,X,1,S,1,C,3,K,31,R,5,C,3,C,3,Y,1,S,1,X,1,K,4,R,4,"L1:[sp=C,591] Y=158,X=1,S=1,C=3,K=31,R=5 || L2:[sp=C,3] C=3,Y=1,S=1,X=1,K=4,R=4",-407291137.0,-229750.0,1,C|C,1
X,591,S,1,X,1,C,1,R,1,K,19,Y,184,Y,4,R,1,Y,1,X,1,C,1,K,17,S,1,"L1:[sp=X,591] S=1,X=1,C=1,R=1,K=19,Y=184 || L2:[sp=Y,4] R=1,Y=1,X=1,C=1,K=17,S=1",-486865.0,-2127650.0,1,X|Y,1
X,591,X,1,S,1,R,1,C,3,K,19,Y,149,Y,4,C,3,Y,120,X,1,R,1,K,1,S,1,"L1:[sp=X,591] X=1,S=1,R=1,C=3,K=19,Y=149 || L2:[sp=Y,4] C=3,Y=120,X=1,R=1,K=1,S=1",-2258313.0,-758676.0,1,X|Y,1
X,591,Y,205,X,1,C,3,K,31,R,1,S,1,Y,4,Y,115,C,2,R,1,X,1,K,17,S,1,"L1:[sp=X,591] Y=205,X=1,C=3,K=31,R=1,S=1 || L2:[sp=Y,4] Y=115,C=2,R=1,X=1,K=17,S=1",-2569855.0,-675491.0,1,X|Y,1
X,591,S,1,X,1,R,1,C,3,K,19,Y,147,Y,4,C,3,Y,1,X,1,R,1,K,1,S,1,"L1:[sp=X,591] S=1,X=1,R=1,C=3,K=19,Y=147 || L2:[sp=Y,4] C=3,Y=1,X=1,R=1,K=1,S=1",-536649.0,-757542.0,1,X|Y,1
X,591,S,1,X,1,C,3,R,1,K,4,Y,184,Y,4,R,1,Y,1,X,1,C,2,K,4,S,1,"L1:[sp=X,591] S=1,X=1,C=3,R=1,K=4,Y=184 || L2:[sp=Y,4] R=1,Y=1,X=1,C=2,K=4,S=1",-528417.0,-1089700.0,1,X|Y,1
Y,591,S,1,X,1,C,3,R,2,K,19,Y,184,Y,4,X,1,Y,4,R,1,K,17,C,2,S,1,"L1:[sp=Y,591] S=1,X=1,C=3,R=2,K=19,Y=184 || L2:[sp=Y,4] X=1,Y=4,R=1,K=17,C=2,S=1",-93277185.0,-401522.0,1,Y|Y,1
X,591,S,1,X,84,C,1,R,1,K,19,Y,205,Y,4,X,1,Y,1,R,1,K,17,C,1,S,1,"L1:[sp=X,591] S=1,X=84,C=1,R=1,K=19,Y=205 || L2:[sp=Y,4] X=1,Y=1,R=1,K=17,C=1,S=1",-41527501.0,-2139790.0,1,X|Y,1
X,591,K,19,X,1,C,1,R,1,S,1,Y,184,Y,4,X,1,K,17,R,1,C,1,Y,4,S,1,"L1:[sp=X,591] K=19,X=1,C=1,R=1,S=1,Y=184 || L2:[sp=Y,4] X=1,K=17,R=1,C=1,Y=4,S=1",-521557.0,-2126590.0,1,X|Y,1
X,591,S,1,X,218,C,3,K,19,R,1,Y,75,X,1,X,1,Y,41,R,1,C,2,K,17,S,1,"L1:[sp=X,591] S=1,X=218,C=3,K=19,R=1,Y=75 || L2:[sp=X,1] X=1,Y=41,R=1,C=2,K=17,S=1",-425411239.0,-759027.0,1,X|X,1
X,591,S,1,X,1,C,3,R,1,K,19,Y,205,Y,4,R,1,Y,1,X,1,C,2,K,17,S,1,"L1:[sp=X,591] S=1,X=1,C=3,R=1,K=19,Y=205 || L2:[sp=Y,4] R=1,Y=1,X=1,C=2,K=17,S=1",-494754.0,-790408.0,1,X|Y,1
X,591,S,1,X,1,C,3,R,5,K,19,Y,175,Y,4,X,1,Y,1,R,1,K,1,C,2,S,1,"L1:[sp=X,591] S=1,X=1,C=3,R=5,K=19,Y=175 || L2:[sp=Y,4] X=1,Y=1,R=1,K=1,C=2,S=1",-545777.0,-221029.0,1,X|Y,1
X,591,S,1,X,1,C,2,K,19,R,1,Y,75,Y,4,X,1,Y,1,R,1,C,2,K,17,S,1,"L1:[sp=X,591] S=1,X=1,C=2,K=19,R=1,Y=75 || L2:[sp=Y,4] X=1,Y=1,R=1,C=2,K=17,S=1",-660325.0,-1461680.0,1,X|Y,1
X,591,Y,205,X,1,C,3,R,3,K,31,S,1,Y,4,Y,1,C,2,R,1,X,1,K,1,S,1,"L1:[sp=X,591] Y=205,X=1,C=3,R=3,K=31,S=1 || L2:[sp=Y,4] Y=1,C=2,R=1,X=1,K=1,S=1",-536383.0,-290665.0,1,X|Y,1
